,CHAM1,CHAM1-PV,CHAM2,CHAM2-PV,CHAM3,CHAM3-PV,CHAM4,CHAM4-PV,CHAM5,CHAM5-PV
0,3.6449999999999996,1.7,-0.0,1.7,1.62,1.7,-0.0,0.0,-0.0,1.7
1,12.600000000000001,19.52,16.8,17.08,16.8,4.880000000000001,23.1,6.1,21.0,0.0
2,7.800000000000001,50.689999999999976,27.300000000000004,43.839999999999996,72.15,41.099999999999994,68.25000000000003,6.849999999999998,79.95,30.139999999999997
3,-0.0,100.32000000000001,-0.0,88.0,196.56,80.96,-0.0,29.92,92.42999999999999,61.6
4,3.88,99.36000000000001,-0.0,86.94000000000001,223.1,80.04,59.49333333333332,30.360000000000003,186.24,60.720000000000006
5,-0.0,95.94000000000001,-0.0,82.41000000000001,125.39999999999998,77.49000000000001,200.64,29.520000000000003,194.36999999999998,57.81000000000001
6,-0.0,74.26000000000002,252.28,64.86000000000001,154.7,60.16000000000001,188.01999999999998,22.560000000000002,40.46,45.120000000000005
7,3.54,33.06666666666667,182.31,99.2,35.4,0.0,35.4,34.1,30.09,68.2
8,4.18,83.64000000000001,198.54999999999998,72.57000000000001,42.845,67.65,221.54,25.830000000000005,-0.0,50.43000000000001
9,-0.0,95.4,-0.0,82.8,-0.0,77.4,104.88000000000001,28.8,148.96,57.6
10,-0.0,30.689999999999998,-0.0,26.04,-0.0,24.18,30.27333333333334,9.299999999999999,234.22,18.599999999999998
11,-0.0,14.94,-0.0,13.28,44.266666666666666,11.62,-0.0,4.9799999999999995,-0.0,8.299999999999999
12,-0.0,0.0,-0.0,0.0,-0.0,0.0,-0.0,0.0,-0.0,0.0
13,-0.0,1.64,3.7800000000000007,1.64,0.0,1.64,0.0,0.0,0.0,0.0
14,10.2,0.0,14.280000000000001,10.239999999999998,0.0,0.0,0.0,0.0,0.0,0.0
15,10.45,0.0,16.72,0.0,0.0,13.837500000000002,4.18,0.0,0.0,0.0
16,7.08,0.0,14.16,27.28,7.08,0.0,10.620000000000001,0.0,0.0,0.0
17,10.45,0.0,16.72,0.0,12.54,25.584000000000007,14.629999999999999,0.0,0.0,0.0
18,10.45,0.0,16.72,39.97500000000001,14.629999999999999,0.0,18.81,0.0,20.9,0.0
19,8.55,0.0,13.68,53.666666666666664,13.68,0.0,15.39,0.0,17.1,0.0
20,10.549999999999999,0.0,10.549999999999999,34.28333333333335,16.88,0.0,12.66,0.0,21.099999999999998,0.0
21,11.100000000000001,30.24999999999999,8.88,0.0,17.76,0.0,13.32,0.0,22.200000000000003,0.0
22,12.66,0.0,8.44,0.0,16.88,34.28333333333335,12.66,0.0,21.099999999999998,0.0
23,9.78,0.0,6.52,35.208333333333336,11.41,0.0,9.78,0.0,3.26,0.0
24,10.86,0.0,9.05,13.59,3.62,6.040000000000003,9.05,4.53,0.0,0.0
25,-0.0,0.0,-0.0,0.0,-0.0,0.0,-0.0,0.0,0.0,0.0
26,-0.0,3.4200000000000004,4.83,1.7100000000000002,1.6099999999999999,1.7100000000000002,0.0,0.0,0.0,1.7100000000000002
27,11.52,0.0,15.36,1.8666666666666667,1.92,18.200000000000003,0.0,0.0,0.0,0.0
28,11.65,0.0,18.64,14.256,2.33,0.0,9.32,0.0,0.0,0.0
29,8.6,0.0,17.2,0.0,2.15,28.080000000000005,36.55,0.0,0.0,0.0
30,7.199999999999999,0.0,16.2,0.0,9.0,0.0,30.599999999999998,0.0,0.0,42.56
31,7.24,0.0,14.48,0.0,7.24,22.951999999999998,5.43,0.0,0.0,0.0
32,7.84,0.0,17.64,0.0,1.96,0.0,0.0,0.0,0.0,14.280000000000003
33,9.72,6.674999999999997,12.15,0.0,2.43,0.0,0.0,0.0,0.0,0.0
34,10.25,0.0,10.25,8.466666666666669,0.0,0.0,0.0,0.0,0.0,0.0
35,10.2,0.0,10.2,8.533333333333333,0.0,0.0,0.0,0.0,0.0,0.0
36,9.55,0.0,9.55,0.0,0.0,9.399999999999997,0.0,0.0,0.0,0.0
37,10.85,0.0,10.85,11.500000000000002,0.0,0.0,0.0,0.0,0.0,0.0
38,-0.0,1.76,-0.0,1.76,3.12,1.76,-0.0,0.0,0.7800000000000002,0.0
39,8.3,11.066666666666666,14.940000000000001,19.919999999999998,18.26,18.259999999999998,11.620000000000001,6.64,21.580000000000002,13.28
40,3.88,45.540000000000006,4.849999999999999,38.64,67.89999999999999,35.88,65.96,13.8,79.53999999999999,27.6
41,-0.0,85.32,80.91000000000001,74.25999999999999,227.94000000000003,67.94,-0.0,25.279999999999998,-0.0,52.13999999999999
42,3.16,120.06,162.74,104.4,202.24,97.44,11.850000000000001,36.54,-0.0,73.08
43,-0.0,120.24000000000001,13.200000000000003,103.54,209.54999999999998,96.86000000000001,189.75,36.74,-0.0,73.48
44,3.0,143.78,154.5,123.76,112.5,116.48,25.0,43.68,117.0,87.36
45,3.1799999999999997,0.0,157.41,117.64000000000001,34.98,108.99000000000001,31.799999999999997,41.52,25.439999999999998,3.46
46,3.9800000000000004,93.1,193.03000000000003,79.8,-0.0,74.47999999999999,226.86,27.929999999999996,47.76,55.85999999999999
47,-0.0,82.08000000000001,95.84999999999998,71.44000000000001,223.19999999999993,66.88000000000001,-0.0,25.840000000000003,-0.0,50.16000000000001
48,-0.0,49.50000000000001,4.550000000000001,43.50000000000001,207.48,40.50000000000001,-0.0,15.000000000000002,-0.0,30.000000000000004
49,-0.0,18.48,-0.0,15.12,51.93333333333334,15.12,-0.0,5.04,-0.0,10.08
50,-0.0,1.3299999999999998,-0.0,1.3299999999999998,-0.0,1.3299999999999998,3.9800000000000004,0.0,3.9800000000000004,1.3299999999999998
51,5.1899999999999995,3.1800000000000006,12.11,20.67,17.3,19.080000000000002,19.03,6.36,19.03,14.31
52,3.4800000000000004,56.879999999999995,22.620000000000005,48.98,57.42000000000001,24.22666666666666,60.900000000000006,17.38,69.60000000000001,34.76
53,3.58,88.74,-0.0,76.5,-0.0,71.91,131.56500000000003,27.54,193.32000000000005,53.54999999999998
54,-0.0,127.44000000000001,165.84999999999994,109.74000000000001,44.95000000000002,102.66000000000001,142.6,38.940000000000005,-0.0,76.11000000000001
55,3.3600000000000003,118.08,174.72000000000003,101.67999999999999,51.239999999999995,95.11999999999999,152.88000000000002,36.08,-0.0,72.16
56,3.1399999999999997,131.25000000000003,156.99999999999997,113.75000000000001,102.04999999999998,106.75000000000001,117.74999999999999,40.25000000000001,21.980000000000004,80.50000000000001
57,3.1399999999999997,35.43750000000001,150.71999999999997,117.25000000000001,34.54,108.50000000000001,29.83,0.0,26.689999999999998,0.0
58,3.7,102.89999999999999,175.75,88.2,214.60000000000002,82.32,44.399999999999984,30.87,-0.0,61.74
59,5.279999999999999,82.68000000000002,174.23999999999998,71.76000000000002,116.15999999999998,67.08000000000001,-0.0,24.960000000000004,-0.0,49.92000000000001
60,9.7,44.160000000000004,7.759999999999998,38.64,197.88,35.88,-0.0,13.8,-0.0,26.220000000000002
61,7.5600000000000005,15.729999999999999,-0.0,12.87,-0.0,12.87,-0.0,4.29,51.408000000000015,8.58
62,-0.0,0.0,-0.0,0.0,-0.0,0.0,-0.0,0.0,-0.0,0.0
63,-0.0,9.309999999999999,15.920000000000002,7.979999999999999,10.613333333333333,7.979999999999999,17.910000000000004,2.6599999999999997,-0.0,5.319999999999999
64,7.720000000000001,40.309999999999995,27.020000000000003,34.75,69.48,31.97,6.754999999999999,12.51,81.06,23.63
65,3.3200000000000003,91.3,-0.0,79.67999999999999,102.09,74.7,-0.0,28.22,189.24,54.779999999999994
66,-0.0,61.360000000000014,6.839999999999998,54.08000000000001,-0.0,49.920000000000016,218.88,18.720000000000006,253.07999999999998,37.44000000000001
67,5.32,52.13999999999999,273.98,44.879999999999995,125.90666666666667,42.239999999999995,-0.0,15.839999999999998,284.62,31.679999999999996
68,3.2800000000000002,132.72,157.44,115.92,111.52000000000001,107.52,127.92000000000002,40.32,32.80000000000001,80.64
69,8.04,4.585,200.99999999999997,87.77000000000002,40.199999999999996,81.22000000000001,40.199999999999996,31.440000000000005,32.16,0.0
70,12.239999999999998,125.30000000000001,143.82,109.19000000000001,-0.0,100.24000000000001,159.11999999999998,37.59,33.65999999999998,75.18
71,-0.0,63.72,136.425,55.459999999999994,231.12,50.739999999999995,-0.0,18.88,-0.0,38.94
72,-0.0,53.790000000000006,27.039999999999996,47.27,-0.0,44.010000000000005,160.54999999999998,16.3,-0.0,32.6
73,8.799999999999999,17.160000000000004,-0.0,15.600000000000003,-0.0,14.040000000000003,-0.0,4.680000000000001,51.33333333333332,10.920000000000002
74,-0.0,0.0,-0.0,0.0,-0.0,0.0,-0.0,0.0,-0.0,0.0
75,-0.0,1.53,-0.0,1.53,-0.0,1.53,3.58,0.0,3.58,1.53
76,6.33,14.520000000000003,16.88,13.310000000000002,23.209999999999997,4.840000000000002,16.88,3.630000000000001,23.209999999999997,8.47
77,4.06,33.540000000000006,28.419999999999998,28.380000000000006,69.02,27.090000000000007,69.02,10.320000000000002,9.134999999999998,20.640000000000004
78,3.0999999999999996,86.73000000000002,151.89999999999995,76.11000000000001,-0.0,70.80000000000001,-0.0,26.550000000000004,89.51249999999997,53.10000000000001
79,-0.0,80.30000000000001,-0.0,68.62,204.6,64.24000000000001,-0.0,24.820000000000004,119.97,48.18000000000001
80,4.16,85.56,-0.0,74.4,56.160000000000004,69.44,197.6,26.04,201.76000000000002,52.08
81,-0.0,136.67000000000002,152.64,119.37000000000002,104.94,110.72000000000001,39.75,41.52,114.47999999999999,83.04
82,3.7,94.08,188.70000000000002,80.85,38.85,6.615000000000001,42.550000000000004,0.0,35.15,57.33
83,-0.0,95.7,-0.0,84.15,-0.0,77.55000000000001,105.76666666666667,29.700000000000003,190.38,57.75000000000001
84,9.7,74.52000000000001,-0.0,64.86,209.51999999999998,59.34,116.4,22.080000000000002,-0.0,45.540000000000006
85,9.0,47.120000000000005,178.2,41.040000000000006,-0.0,38.00000000000001,6.3000000000000025,13.680000000000001,-0.0,28.880000000000006
86,-0.0,17.500000000000004,-0.0,15.750000000000002,-0.0,14.000000000000002,47.099999999999994,5.250000000000001,-0.0,10.500000000000002
87,-0.0,0.0,-0.0,0.0,-0.0,0.0,-0.0,0.0,-0.0,0.0
88,-0.0,1.64,3.7800000000000007,1.64,-0.0,1.64,-0.0,0.0,-0.0,0.0
89,5.61,20.3,16.830000000000002,17.4,18.700000000000003,2.175,16.830000000000002,5.8,18.700000000000003,11.6
90,-0.0,35.370000000000005,28.139999999999997,31.440000000000005,7.034999999999999,28.820000000000007,70.35,10.480000000000002,82.41,20.960000000000004
91,-0.0,54.60000000000001,-0.0,48.36000000000001,-0.0,45.24000000000001,183.03999999999994,17.160000000000004,20.24,32.760000000000005
92,-0.0,68.78000000000002,-0.0,59.73000000000001,160.05999999999992,56.11000000000001,22.65,19.910000000000004,-0.0,41.63000000000001
93,-0.0,82.8,72.08000000000001,72.0,222.59999999999997,67.2,195.04000000000002,25.2,-0.0,50.4
94,4.5,140.14000000000001,148.5,121.94,97.5,112.84,115.5,43.68,24.75,85.54
95,8.55,0.0,176.13,107.87,35.91,30.053333333333338,34.2,38.64,29.07,75.67
96,8.95,102.50999999999998,36.99333333333333,88.74,-0.0,82.62,182.58,30.6,182.58000000000004,62.730000000000004
97,-0.0,74.97,-0.0,66.15,-0.0,60.269999999999996,175.75,23.52,109.76666666666664,45.57
98,-0.0,45.3,-0.0,39.26,182.81,37.75,6.335000000000002,13.59,-0.0,27.18
99,-0.0,11.270000000000001,35.62500000000001,9.66,-0.0,9.66,-0.0,3.22,-0.0,6.44
100,-0.0,1.74,3.555,1.74,0.0,1.74,0.0,0.0,-0.0,0.0
101,9.84,0.0,17.22,10.32,0.0,2.866666666666667,0.0,0.0,14.76,0.0
102,6.640000000000001,0.8299999999999998,11.620000000000001,44.82,16.6,0.0,9.96,14.94,16.6,0.0
103,4.92,0.0,14.760000000000002,75.6,85.28,70.56,47.56,0.0,16.400000000000002,17.920000000000005
104,4.529999999999999,0.0,15.099999999999998,103.17000000000002,70.96999999999998,4.826666666666667,45.3,0.0,16.61,72.4
105,8.4,114.8,16.8,43.296,73.92,0.0,55.440000000000005,0.0,18.48,0.0
106,13.55,0.0,27.1,41.480000000000004,67.75,0.0,75.88,3.3549999999999995,29.81,0.0
107,16.0,0.0,10.0,0.0,0.0,35.903999999999996,20.0,0.0,22.0,0.0
108,11.48,50.40000000000001,8.200000000000001,97.44,77.08000000000001,0.0,54.120000000000005,0.0,18.040000000000003,0.0
109,9.15,0.0,9.15,67.05,80.52000000000001,21.853333333333335,60.39,0.0,20.130000000000003,46.19
110,7.649999999999999,19.690000000000005,7.649999999999999,46.540000000000006,67.32,42.96000000000001,52.019999999999996,16.110000000000003,16.83,32.220000000000006
111,9.78,16.9,-0.0,15.21,39.12,13.520000000000001,-0.0,5.07,6.519999999999999,10.14
112,-0.0,0.0,-0.0,0.0,0.0,0.0,-0.0,0.0,-0.0,0.0
113,4.1175,1.49,-0.0,1.49,0.0,1.49,0.0,0.0,0.0,0.0
114,8.28,0.0,22.08,5.040000000000003,0.0,0.56,0.0,0.0,0.0,0.0
115,4.68,0.0,12.48,22.528000000000002,0.0,0.0,4.68,0.0,3.12,0.0
116,6.800000000000001,0.0,13.600000000000001,11.879999999999999,3.4000000000000004,0.0,15.3,22.679999999999993,3.4000000000000004,0.0
117,8.25,0.0,14.85,38.96666666666667,4.949999999999999,0.0,14.85,0.0,3.3,0.0
118,10.200000000000001,0.0,17.0,0.0,5.1000000000000005,0.0,15.3,0.0,3.4000000000000004,40.49999999999999
119,10.620000000000001,0.0,21.240000000000002,41.33333333333332,5.3100000000000005,0.0,15.93,0.0,3.54,0.0
120,11.940000000000001,0.0,21.89,35.466666666666676,5.970000000000001,0.0,17.910000000000004,0.0,5.970000000000001,0.0
121,7.84,0.0,19.6,32.86666666666666,5.88,0.0,17.64,0.0,5.88,0.0
122,10.75,0.0,15.049999999999999,26.324999999999996,4.3,0.0,21.5,0.0,6.449999999999999,0.0
123,6.68,0.0,8.35,5.499999999999999,3.34,0.0,16.7,0.0,5.01,31.35
124,9.5,0.0,9.5,12.780000000000001,0.0,11.360000000000001,9.5,0.0,3.8,0.0
125,-0.0,0.0,-0.0,0.0,0.0,0.0,-0.0,0.0,0.0,0.0
126,4.83,11.97,12.879999999999999,10.260000000000002,4.024999999999999,10.260000000000002,14.489999999999998,3.4200000000000004,-0.0,6.840000000000001
127,-0.0,21.599999999999998,1.06,19.2,-0.0,18.0,72.07999999999998,6.0,63.59999999999999,13.2
128,-0.0,39.52,-0.0,34.96000000000001,141.0,31.920000000000005,-0.0,12.160000000000002,-0.0,24.320000000000004
129,3.46,60.42,174.73,52.470000000000006,-0.0,47.7,-0.0,17.490000000000002,36.90666666666668,36.57
130,-0.0,50.92,28.710000000000008,44.220000000000006,-0.0,41.54,213.84,16.080000000000002,-0.0,30.82
131,6.16,97.9,158.62000000000006,83.66,-0.0,78.32000000000001,-0.0,30.26,137.06,58.74
132,8.65,100.17,181.65,87.45,34.6,23.320000000000007,38.06,30.21,12.11,0.0
133,-0.0,108.8,-0.0,95.2,200.87999999999997,88.39999999999999,-0.0,32.3,128.79,66.3
134,-0.0,66.72,94.08750000000002,56.989999999999995,-0.0,52.81999999999999,202.65,19.459999999999997,-0.0,40.309999999999995
135,-0.0,50.120000000000005,-0.0,44.75000000000001,-0.0,41.17000000000001,-0.0,14.320000000000002,128.77499999999998,30.430000000000003
136,-0.0,14.400000000000002,-0.0,11.520000000000001,-0.0,11.520000000000001,-0.0,4.32,54.83333333333333,8.64
137,-0.0,0.0,-0.0,0.0,0.0,0.0,-0.0,0.0,-0.0,0.0
138,9.05,10.57,16.29,9.06,-0.0,9.06,19.91,3.02,-0.0,6.04
139,7.720000000000001,25.02,32.81,22.24,4.824999999999999,20.849999999999998,-0.0,6.949999999999999,75.27000000000001,15.29
140,-0.0,44.980000000000004,-0.0,39.790000000000006,-0.0,36.330000000000005,124.54999999999997,13.840000000000002,-0.0,27.680000000000003
141,-0.0,42.940000000000005,-0.0,37.290000000000006,2.1899999999999995,33.900000000000006,-0.0,12.430000000000001,291.27,25.990000000000002
142,6.08,68.4,-0.0,59.4,-0.0,55.800000000000004,150.48000000000005,21.6,25.839999999999993,41.4
143,9.48,95.7,-0.0,81.78,109.02000000000001,76.56,126.4,29.58,32.39,57.42
144,12.950000000000001,0.0,183.15,80.85,38.85,74.97,38.85,27.93,29.6,57.33
145,12.81,95.36,-0.0,83.44,217.77,77.48,190.32,28.31,-0.0,58.11
146,-0.0,72.96000000000001,-0.0,62.32000000000001,-0.0,57.76000000000001,172.79999999999995,21.280000000000005,99.89999999999998,44.080000000000005
147,10.569999999999999,50.68000000000001,118.28333333333329,45.25000000000001,-0.0,41.63000000000001,-0.0,14.480000000000002,-0.0,30.770000000000003
148,-0.0,17.900000000000002,-0.0,14.320000000000002,44.625,14.320000000000002,-0.0,5.370000000000001,-0.0,10.740000000000002
149,10.92,2.7399999999999998,-0.0,2.7399999999999998,0.0,2.7399999999999998,-0.0,0.0,-0.0,1.3699999999999999
150,13.650000000000002,5.479999999999999,17.55,17.81,11.700000000000001,16.439999999999998,23.400000000000002,5.4799999999999995,23.400000000000002,12.329999999999998
151,6.27,28.290000000000006,-0.0,24.600000000000005,71.06,22.140000000000004,6.27,8.610000000000001,81.50999999999999,17.220000000000002
152,4.74,85.26,156.42000000000002,74.82,-0.0,69.6,78.99999999999999,26.1,-0.0,52.2
153,9.4,52.379999999999995,-0.0,45.589999999999996,-0.0,41.71,87.73333333333332,15.52,312.55,32.01
154,7.649999999999999,110.98000000000002,-0.0,96.66000000000001,-0.0,89.50000000000001,143.82,34.010000000000005,150.5519999999999,66.23
155,8.049999999999999,111.15,156.17,97.47000000000001,-0.0,90.63000000000001,28.17499999999999,34.2,157.78,68.4
156,8.0,50.309999999999995,155.20000000000002,106.64,30.400000000000002,99.76,32.0,0.0,28.8,0.0
157,7.9,121.8,143.78,106.14,183.28,99.17999999999999,30.810000000000002,36.54,-0.0,73.08
158,13.280000000000001,89.64,-0.0,78.02,56.44000000000001,73.03999999999999,-0.0,26.56,224.10000000000002,54.779999999999994
159,12.48,58.08,148.20000000000002,51.04,-0.0,47.52,-0.0,17.6,12.480000000000004,35.2
160,-0.0,21.240000000000002,-0.0,17.700000000000003,54.24999999999999,17.700000000000003,-0.0,5.3100000000000005,-0.0,12.390000000000002
161,-0.0,0.0,-0.0,0.0,-0.0,0.0,-0.0,0.0,-0.0,0.0
162,-0.0,3.5400000000000005,0.7750000000000004,3.5400000000000005,4.649999999999999,3.5400000000000005,4.6499999999999995,0.0,-0.0,1.7700000000000002
163,9.9,21.44,17.82,18.76,19.8,17.42,21.78,6.7,27.72,0.6700000000000002
164,6.09,51.60000000000001,41.953333333333326,45.150000000000006,69.02,41.28000000000001,71.05,15.480000000000004,81.19999999999999,30.960000000000008
165,4.98,78.02,-0.0,68.06,35.41333333333334,63.08,-0.0,23.24,222.44000000000003,48.14
166,5.01,105.60000000000001,-0.0,92.4,175.35,85.80000000000001,156.98,31.35,31.173333333333332,64.35000000000001
167,-0.0,117.0,150.48,102.60000000000001,10.639999999999997,95.4,-0.0,36.0,185.44,72.0
168,6.63,75.48,7.734999999999999,65.49000000000004,141.43999999999997,61.050000000000004,167.96,23.310000000000002,207.74,45.510000000000005
169,4.18,97.17000000000002,204.82,84.87000000000002,37.62,0.0,43.89,4.92,35.53,0.0
170,5.1000000000000005,115.01999999999995,153.00000000000003,100.44,202.3,92.33999999999999,-0.0,35.64,36.54999999999998,69.66
171,-0.0,76.72,171.60000000000002,67.13,196.95000000000002,61.64999999999999,-0.0,23.29,11.699999999999996,46.58
172,10.9,37.62,178.76000000000002,33.059999999999995,-0.0,30.779999999999998,-0.0,11.399999999999999,34.879999999999995,22.799999999999997
173,8.100000000000001,11.9,-0.0,10.2,-0.0,10.2,-0.0,3.4,27.0,6.8
174,-0.0,0.0,-0.0,0.0,-0.0,0.0,-0.0,0.0,-0.0,0.0
175,-0.0,1.53,-0.0,1.53,-0.0,1.53,5.370000000000001,0.0,0.8949999999999996,1.53
176,7.48,14.499999999999998,14.96,20.3,13.09,0.0,18.700000000000003,0.0,18.700000000000003,14.5
177,3.58,45.9,-0.0,39.78,26.849999999999987,38.25,62.65000000000002,13.77,73.39,27.539999999999992
178,7.800000000000001,72.61,-0.0,63.019999999999996,234.00000000000003,58.91,-0.0,21.919999999999998,85.80000000000001,43.839999999999996
179,-0.0,100.5,-0.0,87.10000000000001,209.88,81.74000000000001,188.1,30.82,91.08000000000001,61.64
180,11.25,79.18,33.75,68.48,229.5,64.2,-0.0,23.540000000000003,288.0,48.150000000000006
181,-0.0,145.14000000000001,144.14999999999998,127.44000000000001,97.64999999999999,118.59000000000002,123.99999999999999,44.25000000000001,61.99999999999999,88.50000000000001
182,7.5,0.0,126.0,129.22,28.5,1.8199999999999998,31.5,45.5,27.0,89.18
183,7.649999999999999,128.88000000000002,126.98999999999998,112.77000000000001,175.95,105.61000000000001,-0.0,39.38,43.60499999999998,78.76
184,7.6,102.60000000000001,63.83999999999999,88.2,-0.0,82.8,-0.0,30.6,205.2,61.2
185,-0.0,63.0,-0.0,54.0,152.0,50.4,-0.0,18.0,24.319999999999997,37.800000000000004
186,-0.0,20.16,57.4,16.8,-0.0,16.8,-0.0,5.04,-0.0,11.76
187,-0.0,0.0,-0.0,0.0,-0.0,0.0,-0.0,0.0,-0.0,0.0
188,-0.0,2.6200000000000006,8.04,1.3100000000000003,0.0,1.3100000000000003,0.0,0.0,2.01,1.3100000000000003
189,11.950000000000001,0.0,19.12,14.879999999999999,0.0,1.8600000000000003,0.0,0.0,16.73,0.0
190,9.25,0.0,14.8,52.92,0.0,0.0,0.0,1.4700000000000002,46.25,0.0
191,9.299999999999999,52.56,14.879999999999999,68.62,1.8599999999999999,0.0,11.16,0.0,139.5,0.0
192,9.7,0.0,15.52,89.7,9.7,41.952,15.52,0.0,149.38,0.0
193,12.81,26.074999999999996,14.64,108.77,12.81,0.0,16.47,0.0,140.91,0.0
194,13.370000000000001,0.0,15.280000000000001,102.92999999999999,13.370000000000001,0.0,15.280000000000001,0.0,148.98000000000002,32.89999999999999
195,12.25,41.2125,8.75,111.47,10.5,0.0,15.75,0.0,138.25,0.0
196,17.22,0.0,9.84,22.360000000000007,14.76,0.0,19.68,18.92,196.8,37.84
197,10.92,88.0,7.800000000000001,75.68,9.36,0.0,12.48,14.080000000000002,123.24000000000001,0.0
198,1.9399999999999995,34.5,7.76,30.360000000000003,11.64,27.6,-0.0,11.040000000000001,151.32,20.700000000000003
199,4.175,8.25,6.68,6.6000000000000005,-0.0,6.6000000000000005,13.36,1.6500000000000001,-0.0,4.95
200,-0.0,0.0,-0.0,0.0,0.0,0.0,-0.0,0.0,-0.0,0.0
201,-0.0,0.0,-0.0,0.0,0.0,0.0,0.0,0.0,0.0,0.0
202,14.8,0.0,12.950000000000001,0.0,0.0,14.7,0.0,0.0,0.0,3.6750000000000007
203,14.22,0.0,16.59,8.23333333333333,0.0,0.0,0.0,0.0,0.0,0.0
204,11.15,0.0,15.61,0.0,0.0,8.720000000000002,0.0,0.0,0.0,0.0
205,11.05,0.0,17.68,11.655000000000003,0.0,0.0,2.21,0.0,0.0,0.0
206,8.200000000000001,0.0,13.120000000000001,35.28,0.0,0.0,1.6400000000000001,0.0,98.4,77.28
207,11.64,0.0,15.52,92.46000000000001,0.0,0.0,5.82,19.871999999999996,131.92,0.0
208,11.900000000000002,0.0,8.5,36.71999999999999,0.0,0.0,5.1000000000000005,0.0,115.60000000000001,79.37999999999997
209,12.040000000000001,0.0,6.880000000000001,102.39999999999999,0.0,0.0,5.16,0.0,118.68,20.266666666666666
210,15.059999999999999,0.0,10.04,40.500000000000014,0.0,0.0,7.529999999999999,14.580000000000005,170.67999999999998,5.265000000000001
211,11.27,0.0,8.049999999999999,54.720000000000006,0.0,13.680000000000003,1.6099999999999999,18.810000000000002,109.47999999999999,37.620000000000005
212,16.48,16.38,10.3,13.86,0.0,0.0,2.06,0.0,26.78,1.8900000000000003
213,-0.0,0.0,-0.0,0.0,0.0,0.0,-0.0,0.0,0.0,0.0
214,8.399999999999999,2.44,-0.0,1.22,0.0,1.22,0.0,0.0,0.0,1.22
215,8.95,0.0,14.32,13.259999999999998,0.0,0.0,0.0,0.0,0.0,0.0
216,13.930000000000001,0.0,15.920000000000002,15.959999999999997,0.0,0.0,1.9900000000000002,0.0,0.0,0.0
217,11.34,0.0,12.96,23.12,1.62,0.0,1.62,0.0,0.0,0.0
218,10.64,0.0,12.16,21.599999999999998,0.0,0.0,1.52,0.0,0.0,0.0
219,10.780000000000001,0.0,12.32,21.359999999999996,0.0,0.0,1.54,0.0,0.0,0.0
220,16.03,0.0,18.32,14.832,0.0,0.0,4.58,0.0,2.29,0.0
221,18.41,0.0,13.149999999999999,7.2450000000000045,0.0,0.0,5.26,0.0,0.0,0.0
222,10.989999999999998,0.0,6.279999999999999,22.400000000000002,0.0,0.0,3.1399999999999997,0.0,4.709999999999999,0.0
223,13.790000000000001,0.0,7.880000000000001,0.0,0.0,18.359999999999996,5.91,0.0,5.91,0.0
224,10.780000000000001,0.0,7.7,25.632,0.0,0.0,4.62,0.0,4.62,0.0
225,8.600000000000001,0.0,8.600000000000001,17.599999999999998,0.0,6.4,6.880000000000001,0.0,5.16,0.0
226,-0.0,0.0,-0.0,0.0,0.0,0.0,-0.0,0.0,-0.0,0.0
227,11.479999999999997,2.5400000000000005,-0.0,2.5400000000000005,0.0,2.5400000000000005,-0.0,0.0,0.0,1.2700000000000002
228,14.16,0.4800000000000002,18.88,15.360000000000003,18.88,0.0,14.16,4.800000000000001,11.799999999999999,10.560000000000002
229,4.89,69.29,59.9025,60.83999999999999,53.79,55.77,52.16,20.28,48.9,42.25000000000001
230,4.02,75.98000000000002,103.17999999999999,65.50000000000001,259.28999999999996,61.570000000000014,-0.0,23.580000000000005,-0.0,45.85000000000001
231,4.86,65.86,216.27,56.959999999999994,-0.0,52.50999999999999,60.74999999999999,19.58,298.89000000000004,40.05
232,5.220000000000001,129.55999999999997,-0.0,113.75999999999999,69.60000000000001,105.85999999999999,193.14000000000001,39.49999999999999,212.28000000000003,78.99999999999999
233,3.54,127.10000000000001,155.76,111.60000000000001,123.9,103.85000000000001,42.47999999999999,38.75,155.76,77.5
234,5.040000000000001,0.0,146.16000000000003,113.16,33.6,0.0,35.28,22.960000000000004,11.760000000000002,78.72
235,-0.0,99.4,153.6,86.80000000000001,-0.0,79.80000000000001,218.88,30.800000000000004,78.07999999999998,60.2
236,12.0,57.040000000000006,-0.0,49.68000000000001,283.2,46.00000000000001,179.99999999999997,17.480000000000004,-0.0,34.96000000000001
237,7.5,70.98,6.0,60.06,-0.0,56.42,-0.0,21.84,187.5,41.86
238,-0.0,19.650000000000006,-0.0,17.030000000000005,88.77499999999996,15.720000000000002,-0.0,5.240000000000001,-0.0,11.790000000000003
239,-0.0,0.0,-0.0,0.0,-0.0,0.0,-0.0,0.0,-0.0,0.0
240,2.12,3.5999999999999996,8.48,2.4,0.0,2.4,4.24,0.0,-0.0,1.2
241,6.39,0.0,19.169999999999998,9.52,12.78,17.85,21.299999999999997,5.950000000000001,8.52,0.0
242,-0.0,59.73000000000001,120.79999999999998,52.49000000000001,49.82999999999999,48.870000000000005,4.529999999999999,18.1,-0.0,36.2
243,3.38,84.76,81.11999999999999,73.35000000000001,-0.0,68.46000000000001,189.28,26.080000000000002,-0.0,50.53
244,4.14,81.25000000000001,182.16,70.00000000000001,235.98,65.00000000000001,28.980000000000004,25.000000000000004,-0.0,48.75000000000001
245,-0.0,116.28,73.98666666666666,100.98,198.69,93.33,177.21000000000004,35.19,-0.0,70.38
246,2.0700000000000003,86.25000000000001,-0.0,75.00000000000001,140.76,70.00000000000001,165.6,26.250000000000004,202.85999999999999,52.50000000000001
247,13.02,14.374999999999998,217.0,69.00000000000001,41.23,64.4,43.4,24.150000000000002,36.89,0.0
248,6.16,126.38,146.30000000000004,110.36,-0.0,103.24,167.86000000000004,39.160000000000004,36.95999999999998,76.54
249,-0.0,114.03000000000002,16.61,99.55000000000001,163.07999999999998,92.31000000000002,144.95999999999998,34.39000000000001,-0.0,68.78000000000002
250,-0.0,53.76,9.840000000000003,47.04,168.91999999999996,43.68,-0.0,16.8,-0.0,31.919999999999998
251,-0.0,15.799999999999999,-0.0,14.219999999999999,52.200000000000024,12.639999999999999,-0.0,4.739999999999999,-0.0,9.479999999999999
252,-0.0,0.0,-0.0,0.0,-0.0,0.0,-0.0,0.0,-0.0,0.0
253,10.024,3.06,-0.0,3.06,0.0,3.06,0.0,0.0,-0.0,1.53
254,12.95,0.0,18.13,12.410000000000004,0.0,0.0,0.0,0.0,12.95,0.0
255,5.220000000000001,44.23999999999999,133.98000000000002,58.459999999999994,34.800000000000004,55.3,33.06,20.54,59.16000000000001,41.08
256,8.899999999999999,83.16000000000001,-0.0,72.38000000000001,169.1,67.76,140.61999999999998,26.180000000000003,14.239999999999995,50.82000000000001
257,8.28,87.50000000000001,163.53,76.25000000000001,161.45999999999998,70.00000000000001,136.61999999999998,26.250000000000004,31.74000000000001,52.50000000000001
258,9.850000000000001,0.0,19.700000000000003,0.0,11.82,41.62499999999999,5.91,0.0,25.610000000000003,0.0
259,8.899999999999999,0.0,17.799999999999997,50.050000000000004,10.68,0.0,8.899999999999999,0.0,23.139999999999997,0.0
260,9.65,0.0,13.510000000000002,44.01666666666667,11.580000000000002,0.0,13.510000000000002,0.0,25.090000000000003,0.0
261,9.65,0.0,77.2,86.17999999999999,15.440000000000001,9.73,17.37,0.0,27.020000000000003,0.0
262,9.05,0.0,101.36,64.93,10.86,0.7550000000000001,16.29,22.65,23.53,45.3
263,9.2,28.415999999999997,90.16,37.00000000000001,3.6799999999999997,0.0,12.879999999999999,13.320000000000002,23.919999999999998,26.640000000000004
264,9.6,15.400000000000002,39.936,12.600000000000001,-0.0,12.600000000000001,13.44,4.2,-0.0,8.4
265,-0.0,0.0,-0.0,0.0,-0.0,0.0,-0.0,0.0,-0.0,0.0
266,0.7850000000000001,3.5000000000000004,6.279999999999999,3.5000000000000004,-0.0,3.5000000000000004,3.1399999999999997,0.0,0.0,1.7500000000000002
267,7.6,0.0,15.2,22.720000000000002,19.0,21.3,15.2,0.0,9.5,2.8400000000000007
268,4.08,48.64,38.76,42.24,67.32000000000001,39.68,71.4,15.36,59.160000000000004,29.44
269,4.54,55.650000000000006,-0.0,48.300000000000004,281.48,45.15,96.85333333333332,16.8,-0.0,33.6
270,4.74,72.2,75.84,62.699999999999996,-0.0,57.949999999999996,234.63000000000002,21.849999999999998,291.51,43.699999999999996
271,3.24,139.4,48.60000000000003,120.7,173.34,112.20000000000003,-0.0,42.5,202.5,85.0
272,7.960000000000001,110.38999999999999,56.715,95.75999999999999,131.34,89.10999999999999,159.20000000000002,33.24999999999999,179.10000000000002,66.49999999999999
273,17.99,60.75000000000002,249.29,24.75000000000001,48.83,0.0,51.4,18.750000000000007,17.99,0.0
274,11.7,67.62000000000002,21.06,58.80000000000001,-0.0,54.88000000000001,245.7,20.580000000000005,280.79999999999995,41.16000000000001
275,-0.0,58.30000000000002,-0.0,50.88000000000001,237.29999999999998,47.70000000000001,159.32999999999998,18.020000000000003,-0.0,36.040000000000006
276,-0.0,50.82000000000001,176.21999999999997,44.66000000000001,-0.0,41.580000000000005,-0.0,15.400000000000002,17.799999999999994,30.800000000000004
277,-0.0,18.6,60.475,15.5,-0.0,13.950000000000001,-0.0,4.65,-0.0,10.85
278,11.700000000000001,4.109999999999999,-0.0,2.7399999999999998,0.0,2.7399999999999998,1.9500000000000002,0.0,1.9500000000000002,1.3699999999999999
279,4.86,0.0,11.34,18.700000000000003,0.0,4.533333333333332,1.62,0.0,6.48,0.0
280,4.6499999999999995,0.0,10.849999999999998,33.63,0.0,0.0,1.5499999999999998,0.0,12.399999999999999,0.0
281,5.64,0.0,13.16,31.20000000000001,9.399999999999999,0.0,1.88,0.0,18.799999999999997,0.0
282,6.6899999999999995,23.61666666666667,15.61,0.0,11.15,0.0,2.23,0.0,22.3,0.0
283,6.029999999999999,0.0,14.069999999999999,0.0,10.049999999999999,29.47500000000001,4.02,0.0,20.099999999999998,0.0
284,5.25,0.0,14.0,43.175,8.75,0.0,10.5,0.0,19.25,0.0
285,5.220000000000001,0.0,8.700000000000001,4.739999999999998,8.700000000000001,0.0,8.700000000000001,36.33999999999999,19.14,0.0
286,8.049999999999999,0.0,8.049999999999999,42.75,8.049999999999999,0.0,8.049999999999999,0.0,16.099999999999998,0.0
287,9.48,0.0,7.9,46.40000000000001,7.9,0.0,7.9,0.0,17.380000000000003,0.0
288,9.24,0.0,6.16,48.06,7.7,2.67,7.7,0.0,15.4,0.0
289,9.059999999999999,19.910000000000004,6.039999999999999,16.290000000000003,1.5099999999999998,4.525,7.549999999999999,0.0,13.589999999999998,0.0
290,-0.0,0.0,-0.0,0.0,0.0,0.0,-0.0,0.0,-0.0,0.0
291,10.25,3.8100000000000005,8.2,3.8100000000000005,0.0,2.5400000000000005,0.0,1.2700000000000002,0.0,0.0
292,5.459999999999999,0.0,12.739999999999998,3.750000000000001,0.0,0.0,0.0,7.500000000000001,0.0,0.0
293,5.76,0.0,13.44,0.7,0.0,0.0,0.0,12.600000000000001,0.0,0.0
294,1.9,0.0,13.299999999999999,7.573333333333332,0.0,0.0,0.0,0.0,0.0,0.0
295,1.7200000000000002,0.0,13.760000000000002,15.6,0.0,0.0,0.0,0.0,6.880000000000001,0.0
296,4.709999999999999,0.0,12.559999999999999,19.687500000000004,0.0,0.0,0.0,0.0,6.279999999999999,0.0
297,10.4,0.0,16.64,19.529999999999998,0.0,0.0,0.0,0.0,16.64,0.0
298,10.989999999999998,0.0,7.85,33.6,0.0,0.0,4.709999999999999,0.0,14.129999999999999,0.0
299,10.849999999999998,0.0,6.199999999999999,38.349999999999994,1.5499999999999998,0.0,7.749999999999999,0.0,13.95,0.0
300,11.41,0.0,6.52,40.84166666666667,1.63,0.0,14.669999999999998,0.0,13.04,0.0
301,11.27,0.8550000000000002,6.4399999999999995,46.17,0.0,0.0,12.879999999999999,0.0,14.489999999999998,0.0
302,11.41,2.535,6.52,16.9,0.0,0.0,6.52,0.0,8.149999999999999,11.830000000000002
303,-0.0,0.0,-0.0,0.0,0.0,0.0,0.0,0.0,-0.0,0.0
304,-0.0,0.0,-0.0,0.0,-0.0,0.0,-0.0,0.0,-0.0,0.0
305,4.74,15.079999999999998,12.64,20.88,14.22,0.0,11.06,0.0,9.48,13.92
306,4.77,60.550000000000004,127.19999999999999,51.900000000000006,52.47,48.440000000000005,-0.0,17.3,6.359999999999999,36.330000000000005
307,3.8,68.16000000000001,184.29999999999998,58.220000000000006,-0.0,55.38,-0.0,19.880000000000003,102.6,41.18000000000001
308,3.84,88.2,-0.0,75.60000000000001,11.52,71.4,188.16,26.6,216.95999999999998,53.2
309,5.220000000000001,121.65999999999998,172.26000000000002,105.85999999999999,177.48000000000002,97.96,83.52000000000001,36.339999999999996,-0.0,74.25999999999999
310,3.3,131.93,73.7,115.23,105.6,106.88000000000001,125.39999999999999,40.080000000000005,123.75,80.16000000000001
311,3.76,7.199999999999999,135.35999999999999,95.04,37.599999999999994,0.0,39.48,0.0,13.16,66.24000000000001
312,4.74,62.699999999999996,-0.0,54.15,255.96,50.349999999999994,21.330000000000002,19.0,255.96,38.0
313,6.199999999999999,92.04000000000003,-0.0,79.65,-0.0,74.34,70.26666666666665,28.320000000000004,176.7,54.870000000000005
314,-0.0,56.78000000000001,-0.0,48.43000000000001,-0.0,45.09,146.85,16.700000000000003,34.1,33.400000000000006
315,-0.0,23.52,-0.0,20.16,-0.0,18.48,-0.0,6.72,66.96666666666667,13.44
316,-0.0,0.0,-0.0,0.0,-0.0,0.0,-0.0,0.0,-0.0,0.0
317,-0.0,0.0,-0.0,0.0,-0.0,0.0,-0.0,0.0,-0.0,0.0
318,-0.0,5.4,-0.0,5.4,2.2799999999999994,5.4,13.68,1.8,-0.0,3.6
319,-0.0,31.919999999999998,90.2,26.88,-0.0,25.2,-0.0,8.4,-0.0,18.48
320,-0.0,63.99999999999999,156.52,55.99999999999999,59.62666666666668,51.199999999999996,-0.0,19.2,-0.0,38.4
321,6.640000000000001,112.88,-0.0,97.94,37.35,91.3,137.78,34.86,185.92000000000002,68.06
322,3.2,92.88,-0.0,80.84,140.8,75.67999999999999,136.0,27.52,15.199999999999996,56.76
323,-0.0,67.21,166.32000000000002,58.629999999999995,-0.0,54.339999999999996,-0.0,20.02,113.4,40.04
324,3.0999999999999996,41.15250000000001,131.74999999999997,69.03000000000003,30.999999999999996,63.720000000000006,35.65,24.780000000000005,26.349999999999998,47.790000000000006
325,-0.0,58.830000000000005,24.220000000000006,50.88,179.91999999999996,47.7,-0.0,17.490000000000002,-0.0,34.980000000000004
326,-0.0,58.52000000000001,-0.0,50.82000000000001,18.689999999999994,47.74000000000001,-0.0,16.94,204.7,35.42000000000001
327,-0.0,27.040000000000006,-0.0,23.920000000000005,7.979999999999998,21.840000000000007,198.35999999999999,8.320000000000002,-0.0,16.640000000000004
328,-0.0,17.1,-0.0,15.390000000000002,-0.0,13.680000000000001,48.300000000000004,5.130000000000001,-0.0,10.260000000000002
329,-0.0,0.0,-0.0,0.0,-0.0,0.0,-0.0,0.0,-0.0,0.0
330,4.77,3.4600000000000004,-0.0,3.4600000000000004,-0.0,1.7300000000000002,-0.0,0.0,3.1799999999999997,1.7300000000000002
331,6.199999999999999,15.34,12.399999999999999,24.780000000000005,13.95,23.01000000000001,15.499999999999998,8.850000000000001,21.699999999999992,0.0
332,-0.0,29.7,179.41,25.74,-0.0,23.759999999999998,34.95,8.91,-0.0,17.82
333,-0.0,70.07,-0.0,60.059999999999995,-0.0,55.769999999999996,77.9625,21.45,224.91000000000003,41.47
334,6.1499999999999995,77.47000000000001,-0.0,67.31000000000002,180.39999999999995,62.23000000000001,28.699999999999996,24.130000000000006,204.99999999999994,46.99000000000001
335,3.8000000000000007,109.34000000000002,163.4,95.14000000000001,-0.0,88.04,161.5,32.660000000000004,191.89999999999998,66.74000000000001
336,10.780000000000001,138.84,127.82000000000004,121.04,36.18999999999998,112.14,106.26,42.72,115.5,85.43999999999998
337,5.790000000000001,0.0,152.47,87.57,38.6,33.35999999999999,40.53,0.0,30.880000000000003,61.16
338,-0.0,110.84,140.26999999999998,96.17,79.99333333333333,89.65,152.1,34.230000000000004,-0.0,66.83
339,-0.0,84.24000000000001,-0.0,73.32000000000001,-0.0,68.64000000000001,156.64,24.960000000000004,138.6,51.48000000000001
340,3.54,52.7,-0.0,46.5,48.37999999999999,43.4,141.6,15.5,-0.0,32.550000000000004
341,-0.0,20.16,57.4,16.8,-0.0,16.8,-0.0,5.04,-0.0,11.76
342,-0.0,0.0,-0.0,0.0,-0.0,0.0,-0.0,0.0,-0.0,0.0
343,-0.0,2.3400000000000003,4.300000000000001,2.3400000000000003,0.0,2.3400000000000003,6.449999999999999,0.0,2.15,1.1700000000000002
344,8.12,14.190000000000003,18.27,11.610000000000003,12.18,11.610000000000003,18.27,3.870000000000001,20.299999999999997,7.740000000000002
345,3.1799999999999997,41.52,14.309999999999999,36.330000000000005,52.47,34.6,54.059999999999995,12.110000000000001,-0.0,25.950000000000003
346,3.5199999999999996,85.80000000000001,139.04,74.88000000000001,179.51999999999998,70.20000000000002,-0.0,26.520000000000003,13.2,51.48000000000001
347,5.88,80.24000000000001,152.88,69.36,174.43999999999997,63.92000000000002,53.57333333333333,24.48,-0.0,48.96
348,6.039999999999999,32.580000000000005,-0.0,28.960000000000004,76.7583333333333,27.150000000000006,-0.0,9.05,-0.0,19.910000000000004
349,3.12,73.92,121.68,65.12,87.36,59.84,-0.0,22.88,12.480000000000004,45.76
350,0.915,8.94,-0.0,7.45,-0.0,7.45,38.43,2.98,-0.0,5.96
351,4.4,16.799999999999997,-0.0,14.559999999999999,93.50000000000001,13.439999999999998,-0.0,4.4799999999999995,-0.0,10.079999999999998
352,-0.0,19.36,-0.0,17.6,-0.0,15.84,52.000000000000014,5.28,-0.0,12.32
353,-0.0,16.3,-0.0,14.670000000000002,-0.0,13.040000000000001,50.699999999999996,4.890000000000001,-0.0,9.780000000000001
354,-0.0,6.799999999999999,-0.0,5.949999999999999,59.69166666666668,5.949999999999999,-0.0,1.6999999999999997,-0.0,4.249999999999999
355,-0.0,0.0,-0.0,0.0,-0.0,0.0,-0.0,0.0,-0.0,0.0
356,5.625,3.64,-0.0,3.64,-0.0,3.64,3.0,0.0,-0.0,1.82
357,15.04,20.160000000000004,16.919999999999998,17.28,13.16,15.840000000000002,13.16,0.0,15.04,1.44
358,6.4,72.24,32.79999999999999,61.92,54.400000000000006,58.48,54.400000000000006,22.36,59.2,43.0
359,3.9800000000000004,77.13999999999999,2.9850000000000003,66.49999999999999,220.89000000000001,62.50999999999999,183.08,23.939999999999998,-0.0,46.55
360,3.08,124.60000000000001,30.799999999999983,108.58,-0.0,101.46000000000001,137.06000000000003,37.38,186.34000000000006,76.53999999999998
361,3.2,130.72,131.20000000000002,113.52,-0.0,104.92,52.79999999999999,39.56,195.20000000000002,79.12
362,-0.0,45.58000000000001,-0.0,40.28000000000001,2.26,37.10000000000001,151.42,13.780000000000003,194.35999999999999,27.560000000000006
363,3.26,84.50000000000001,132.03000000000003,72.67,30.97,67.60000000000001,34.23,5.915,27.709999999999997,0.0
364,-0.0,20.58,-0.0,17.64,75.54166666666666,16.169999999999998,-0.0,5.88,-0.0,11.76
365,-0.0,39.56,-0.0,34.4,-0.0,32.68,-0.0,12.04,110.66666666666669,24.08
366,-0.0,68.02000000000001,59.67,59.07000000000001,-0.0,53.70000000000001,126.98999999999998,19.69,-0.0,41.17000000000001
367,-0.0,15.51,63.66666666666667,14.1,-0.0,12.69,-0.0,4.2299999999999995,-0.0,9.87
368,-0.0,0.0,-0.0,0.0,0.0,0.0,0.0,0.0,-0.0,0.0
369,14.84,4.8,-0.0,3.5999999999999996,0.0,3.5999999999999996,0.0,1.2,12.719999999999999,2.4
370,9.36,5.280000000000001,12.48,31.68,0.0,0.0,0.0,0.0,15.600000000000001,0.0
371,12.96,0.0,17.28,0.0,6.48,28.03333333333333,2.16,0.0,23.76,0.0
372,10.200000000000001,0.0,13.600000000000001,82.35,6.800000000000001,0.0,1.7000000000000002,0.0,71.4,0.0
373,13.98,3.464999999999999,20.97,63.36,11.65,0.0,4.66,0.0,114.17,0.0
374,10.5,0.0,17.5,87.92,7.0,0.0,5.25,4.709999999999999,68.25,0.0
375,11.82,0.0,11.82,37.12499999999999,9.850000000000001,0.0,5.91,0.0,25.610000000000003,0.0
376,10.74,86.7,10.74,0.0,8.95,0.0,5.37,0.0,85.92,0.0
377,11.580000000000002,16.68,11.580000000000002,63.94,7.720000000000001,0.0,5.790000000000001,0.0,98.43,0.0
378,11.399999999999999,0.0,11.399999999999999,39.760000000000005,7.6,24.495000000000005,5.699999999999999,0.0,96.89999999999999,26.980000000000004
379,-0.0,15.400000000000002,-0.0,12.600000000000001,-0.0,12.600000000000001,-0.0,4.2,60.800000000000004,8.4
380,-0.0,0.0,-0.0,0.0,0.0,0.0,-0.0,0.0,-0.0,0.0
381,5.333333333333332,5.16,8.0,3.44,0.0,3.44,-0.0,1.72,0.0,3.44
382,16.86,0.0,22.48,4.760000000000002,0.0,0.0,0.0,0.0,0.0,0.0
383,13.299999999999999,0.0,15.2,17.040000000000003,0.0,0.0,0.0,0.0,1.9,0.0
384,11.760000000000002,0.0,15.120000000000001,28.864,0.0,0.0,3.3600000000000003,0.0,6.720000000000001,0.0
385,12.040000000000001,34.56,15.480000000000002,0.0,0.0,0.0,5.16,0.0,13.760000000000002,0.0
386,13.16,0.0,16.919999999999998,34.559999999999995,0.0,0.0,9.399999999999999,0.0,16.919999999999998,0.0
387,10.64,0.0,13.68,46.080000000000005,0.0,0.0,13.68,0.0,10.64,0.0
388,13.02,0.0,11.16,37.376,0.0,0.0,26.04,0.0,9.299999999999999,0.0
389,10.98,0.0,9.15,32.184,0.0,0.0,23.79,0.0,5.49,0.0
390,16.38,22.736,14.04,0.0,0.0,0.0,30.419999999999998,0.0,7.02,0.0
391,12.459999999999999,0.0,10.68,41.580000000000005,0.0,0.0,21.36,0.0,5.34,0.7700000000000002
392,16.64,0.0,12.48,12.4,0.0,11.16,24.96,3.7199999999999998,6.24,8.68
393,1.5199999999999996,3.6,7.6,3.6,0.0,3.6,0.0,0.0,0.0,1.8
394,12.8,0.0,14.4,27.52,0.0,0.0,0.0,0.8600000000000001,0.0,0.0
395,13.23,0.0,17.01,40.04,0.0,0.0,24.57,0.0,0.0,0.7150000000000001
396,10.26,0.0,15.39,0.0,0.0,64.4,59.85,10.733333333333334,0.0,0.0
397,11.46,0.0,17.19,35.955,3.8200000000000003,0.0,74.49000000000001,31.02,0.0,0.0
398,10.02,0.0,15.03,73.92,3.34,0.0,65.13,0.0,0.0,0.0
399,11.799999999999999,0.0,23.599999999999998,39.36000000000001,4.72,0.0,80.24,8.448,2.36,0.0
400,7.749999999999999,0.0,9.299999999999999,44.24999999999999,1.5499999999999998,0.0,23.249999999999996,0.0,4.6499999999999995,0.0
401,8.85,0.0,10.620000000000001,49.6,3.54,23.76666666666667,69.03,0.0,5.3100000000000005,0.0
402,7.9,20.88,9.48,17.4,3.16,17.4,32.864000000000004,5.22,4.74,12.18
403,9.950000000000001,7.979999999999999,11.940000000000001,7.979999999999999,3.9800000000000004,6.6499999999999995,9.286666666666667,2.6599999999999997,5.970000000000001,5.319999999999999
404,10.849999999999998,10.620000000000001,-0.0,8.850000000000001,-0.0,8.850000000000001,18.599999999999998,3.5400000000000005,-0.0,7.080000000000001
405,-0.0,0.0,-0.0,0.0,0.0,0.0,-0.0,0.0,-0.0,0.0
406,-0.0,0.0,-0.0,0.0,-0.0,0.0,-0.0,0.0,-0.0,0.0
407,-0.0,15.21,17.93,13.520000000000001,13.447500000000002,11.830000000000002,6.52,3.3800000000000003,8.149999999999999,8.450000000000001
408,4.800000000000001,58.48,137.6,51.6,-0.0,48.16,3.999999999999999,17.2,46.400000000000006,36.12
409,-0.0,104.58,162.68,89.64,158.115,84.66,-0.0,31.54,-0.0,63.08
410,7.119999999999999,78.54,-0.0,67.76,240.29999999999998,63.14000000000001,-0.0,23.100000000000005,38.26999999999999,47.74000000000001
411,-0.0,90.50000000000001,71.47333333333331,79.64000000000001,-0.0,74.21000000000001,164.58999999999997,27.150000000000006,-0.0,54.30000000000001
412,2.5349999999999993,81.5,-0.0,70.09,-0.0,65.2,147.03,24.450000000000003,148.72,48.900000000000006
413,1.6799999999999997,67.24,157.92000000000002,57.4,35.28,54.12,38.64,19.68,10.080000000000002,41.0
414,7.08,96.10000000000001,-0.0,83.7,233.64000000000001,77.5,-0.0,29.45,114.165,57.35
415,6.12,55.04,197.88000000000005,48.64,-0.0,44.800000000000004,-0.0,16.64,84.15000000000002,33.28
416,-0.0,43.52,194.04,38.080000000000005,16.660000000000007,35.36,-0.0,13.600000000000001,-0.0,27.200000000000003
417,-0.0,24.780000000000005,-0.0,21.240000000000002,-0.0,19.470000000000002,63.29166666666666,7.080000000000001,-0.0,14.160000000000002
418,-0.0,0.0,-0.0,0.0,-0.0,0.0,-0.0,0.0,-0.0,0.0
419,-0.0,4.92,13.440000000000001,3.28,-0.0,3.28,-0.0,0.0,-0.0,1.64
420,9.54,16.14666666666667,14.309999999999999,25.950000000000003,15.899999999999999,0.0,12.719999999999999,8.65,17.49,17.3
421,-0.0,55.11000000000001,128.7,48.43000000000001,8.250000000000002,45.09,51.15,16.700000000000003,-0.0,33.400000000000006
422,-0.0,78.52,77.22666666666669,67.95,222.63,63.42,-0.0,24.16,-0.0,48.32
423,8.72,68.39999999999999,6.539999999999999,60.419999999999995,-0.0,55.85999999999999,183.12,20.52,268.14000000000004,42.18
424,6.279999999999999,91.00000000000001,-0.0,78.75000000000001,126.85600000000002,73.50000000000001,128.73999999999998,28.000000000000004,-0.0,56.00000000000001
425,-0.0,55.02000000000001,126.62999999999998,47.16000000000001,-0.0,44.540000000000006,132.66,17.030000000000005,-0.0,32.75000000000001
426,9.0,79.04,156.6,68.4,34.199999999999996,2.2800000000000002,36.0,24.32000000000001,28.799999999999997,47.120000000000005
427,-0.0,77.74000000000001,53.246666666666655,67.60000000000001,189.07999999999998,62.53000000000001,-0.0,23.660000000000004,-0.0,47.32000000000001
428,10.0,42.24,174.0,36.96,-0.0,34.32,-0.0,13.200000000000001,30.66666666666667,25.080000000000002
429,-0.0,10.260000000000002,-0.0,8.55,-0.0,7.98,144.375,2.8500000000000005,-0.0,6.2700000000000005
430,-0.0,6.3999999999999995,-0.0,4.8,18.633333333333336,4.8,-0.0,1.5999999999999999,-0.0,3.1999999999999997
431,-0.0,1.64,0.8399999999999999,1.64,1.6800000000000002,1.64,-0.0,0.0,3.3600000000000003,1.64
432,3.5,20.41,15.75,17.27,17.5,15.700000000000001,17.5,0.0,17.5,10.99
433,3.66,55.13,24.705000000000002,47.68,60.39,44.7,60.39,16.39,67.71000000000001,32.78
434,4.08,67.83999999999997,-0.0,58.88,91.11999999999999,55.04,-0.0,20.48,246.84,40.96
435,-0.0,53.5,94.5,47.080000000000005,-0.0,43.870000000000005,-0.0,16.05,263.25,32.1
436,-0.0,82.8,-0.0,72.0,-0.0,66.60000000000001,123.12,25.2,95.76,50.4
437,6.640000000000001,106.24,84.10666666666668,92.96,-0.0,86.32,111.22000000000001,31.54,137.78,64.74
438,6.959999999999999,74.00000000000001,194.88,64.00000000000001,46.4,0.0,48.72,0.0,37.12,3.0000000000000013
439,8.55,117.53,150.47999999999996,103.04,41.04000000000002,94.99000000000001,-0.0,35.42,208.61999999999995,72.45
440,-0.0,84.92999999999999,-0.0,73.01,-0.0,68.54,155.55,25.33,174.216,52.15
441,-0.0,61.6,134.16,52.8,-0.0,49.28,-0.0,17.6,39.52000000000002,36.96
442,-0.0,15.030000000000001,-0.0,13.360000000000001,-0.0,11.690000000000001,-0.0,5.010000000000001,44.0,8.350000000000001
443,11.06,6.96,6.32,6.96,-0.0,5.22,4.74,1.74,-0.0,3.48
444,3.6399999999999997,0.0,16.38,27.000000000000004,18.2,25.500000000000004,14.559999999999999,0.0,23.659999999999997,5.250000000000002
445,-0.0,48.00000000000001,143.78,42.00000000000001,60.059999999999995,39.00000000000001,-0.0,15.000000000000002,2.7300000000000004,28.500000000000004
446,3.26,84.50000000000001,133.66,74.35999999999999,9.779999999999994,69.29,138.54999999999998,25.35,-0.0,52.39000000000001
447,3.4400000000000004,107.19999999999999,146.20000000000002,92.8,170.28000000000003,86.39999999999999,-0.0,31.999999999999996,61.920000000000016,65.6
448,-0.0,125.56,140.8,108.36,144.0,101.48,124.80000000000001,37.839999999999996,3.999999999999999,75.67999999999999
449,-0.0,66.00000000000001,197.2,58.000000000000014,125.27999999999999,54.000000000000014,150.79999999999998,20.000000000000004,52.58666666666667,40.00000000000001
450,6.6,78.49000000000001,136.95,68.47000000000001,31.349999999999998,3.3400000000000007,33.0,23.380000000000003,14.85,48.43000000000001
451,-0.0,81.84,19.76,70.67999999999999,216.32,65.72,-0.0,24.8,235.04000000000002,49.6
452,7.960000000000001,66.49999999999999,169.15,57.18999999999999,6.965000000000001,53.199999999999996,163.18,19.95,-0.0,39.9
453,8.48,37.199999999999996,184.44,32.4,21.200000000000003,30.0,-0.0,10.799999999999999,-0.0,22.8
454,-0.0,7.9799999999999995,45.41666666666666,6.84,-0.0,6.84,-0.0,2.28,-0.0,4.56
455,-0.0,0.0,-0.0,0.0,-0.0,0.0,-0.0,0.0,-0.0,0.0
456,2.960000000000001,2.1999999999999997,8.88,2.1999999999999997,0.0,2.1999999999999997,0.0,0.0,2.22,1.0999999999999999
457,7.720000000000001,0.0,13.510000000000002,12.509999999999998,0.0,0.0,0.0,0.0,1.9300000000000002,0.0
458,4.02,0.0,14.069999999999999,12.576000000000004,0.0,0.0,2.01,0.0,4.02,0.0
459,5.3100000000000005,0.0,14.16,22.32,0.0,0.0,8.85,0.0,3.54,0.0
460,9.24,0.0,12.32,35.6,0.0,0.0,10.780000000000001,0.0,6.16,0.0
461,8.35,0.0,13.36,0.0,1.67,38.49999999999999,16.7,0.0,6.68,0.0
462,7.9,0.0,12.64,6.959999999999999,1.58,0.0,15.8,38.28,6.32,0.0
463,7.6,0.0,7.6,37.49999999999999,1.52,0.0,15.2,0.0,6.08,0.0
464,8.200000000000001,0.0,6.5600000000000005,0.0,1.6400000000000001,0.0,18.040000000000003,0.0,9.84,37.800000000000004
465,7.85,0.0,6.279999999999999,18.666666666666675,1.5699999999999998,0.0,21.979999999999997,26.250000000000004,10.989999999999998,0.0
466,8.85,0.0,7.08,38.74999999999999,1.77,0.0,24.78,0.0,12.39,4.65
467,9.84,2.5200000000000005,6.5600000000000005,15.12,1.6400000000000001,13.44,13.120000000000001,0.0,11.48,10.08
468,-0.0,0.0,-0.0,0.0,0.0,0.0,-0.0,0.0,-0.0,0.0
469,12.655999999999999,2.1200000000000006,-0.0,2.1200000000000006,0.0,2.1200000000000006,0.0,0.0,0.0,1.0600000000000003
470,8.55,0.0,11.969999999999999,0.0,0.0,17.710000000000004,0.0,0.0,1.71,1.6099999999999999
471,3.74,0.0,13.09,2.8999999999999995,0.0,0.0,1.87,14.5,7.48,0.0
472,8.0,0.0,11.200000000000001,30.1,3.2,0.0,4.800000000000001,0.0,6.4,0.0
473,12.25,0.0,12.25,30.09166666666667,3.5,0.0,5.25,0.0,7.0,0.0
474,14.32,0.0,19.69,38.25000000000001,7.16,0.0,5.37,0.0,7.16,0.0
475,10.989999999999998,42.29166666666668,20.409999999999997,0.0,6.279999999999999,0.0,4.709999999999999,0.0,3.1399999999999997,0.0
476,15.540000000000001,0.0,24.42,23.833333333333325,8.88,0.0,6.66,0.0,2.22,0.0
477,10.92,0.0,15.600000000000001,38.13333333333333,6.24,0.0,1.56,0.0,6.24,0.0
478,8.149999999999999,0.0,16.299999999999997,33.800000000000004,6.52,0.0,1.63,0.0,6.52,0.0
479,8.65,25.175000000000008,12.11,0.0,3.46,0.0,1.73,0.0,6.92,0.0
480,9.8,0.0,7.84,13.600000000000001,1.96,0.0,1.96,0.0,7.84,4.533333333333332
481,-0.0,0.0,-0.0,0.0,0.0,0.0,-0.0,0.0,-0.0,0.0
482,-0.0,1.7500000000000002,2.0933333333333337,1.7500000000000002,0.0,0.0,-0.0,0.0,-0.0,0.0
483,-0.0,13.680000000000001,19.799999999999997,12.160000000000002,14.399999999999999,10.640000000000002,12.599999999999998,3.0400000000000005,9.0,7.600000000000001
484,3.04,39.6,-0.0,34.2,54.72,32.4,12.159999999999998,12.6,44.08,23.400000000000002
485,-0.0,66.80000000000001,-0.0,58.45,217.79999999999998,53.440000000000005,9.075000000000003,20.040000000000003,-0.0,40.080000000000005
486,-0.0,96.99000000000001,-0.0,84.27000000000001,211.06,77.91000000000001,125.85749999999999,30.21,-0.0,58.830000000000005
487,3.42,115.92,25.650000000000013,99.82000000000001,-0.0,93.38000000000001,167.57999999999998,35.42,218.88,70.84
488,3.6399999999999997,76.50000000000001,3.6400000000000006,66.00000000000001,-0.0,61.50000000000001,147.42,22.500000000000004,172.89999999999998,46.50000000000001
489,3.74,76.85,175.77999999999997,66.7,37.400000000000006,60.9,39.27,7.249999999999998,26.18,0.0
490,-0.0,77.44,-0.0,66.88,187.20000000000002,61.6,-0.0,22.88,38.48000000000002,47.52
491,-0.0,82.81,-0.0,72.67,85.84666666666665,67.60000000000001,159.73999999999998,25.35,-0.0,50.7
492,-0.0,43.739999999999995,-0.0,38.879999999999995,-0.0,35.64,-0.0,12.959999999999999,137.41666666666666,25.919999999999998
493,-0.0,14.4,-0.0,12.6,-0.0,10.8,35.466666666666676,3.6,-0.0,9.0
494,-0.0,0.0,-0.0,0.0,-0.0,0.0,-0.0,0.0,-0.0,0.0
495,13.86,6.7,7.92,5.36,3.96,5.36,3.96,1.34,3.96,4.0200000000000005
496,9.55,25.38,19.1,21.15,19.1,0.0,17.19,0.7049999999999998,21.01,15.51
497,-0.0,63.36,126.36,54.56,10.140000000000004,51.04,54.6,19.36,-0.0,38.72
498,-0.0,74.4,168.15,65.10000000000001,92.03999999999998,60.45,-0.0,23.25,-0.0,44.95
499,5.3999999999999995,88.16000000000001,-0.0,76.00000000000001,-0.0,71.44000000000001,97.19999999999997,27.360000000000003,223.2,53.20000000000001
500,11.0,62.71999999999999,198.00000000000006,54.879999999999995,22.0,50.39999999999999,189.20000000000005,19.04,-0.0,38.08
501,10.600000000000001,90.0,53.70666666666668,78.0,137.8,73.20000000000003,150.52,27.599999999999998,192.92000000000002,55.199999999999996
502,8.3,0.0,139.44,99.6,31.540000000000003,25.453333333333333,36.52,34.86,26.560000000000002,69.72
503,-0.0,97.35000000000001,97.97333333333333,84.15,-0.0,79.2,-0.0,29.700000000000003,207.07999999999998,59.400000000000006
504,9.8,61.2,-0.0,53.040000000000006,-0.0,48.96,172.47999999999996,19.040000000000003,99.95999999999998,36.720000000000006
505,8.35,46.2,-0.0,39.6,-0.0,36.300000000000004,133.60000000000002,13.200000000000001,11.69,28.05
506,-0.0,13.42,-0.0,12.2,-0.0,10.98,70.0,3.66,-0.0,8.54
507,-0.0,0.0,-0.0,0.0,-0.0,0.0,-0.0,0.0,-0.0,0.0
508,9.120000000000001,3.6,-0.0,3.6,-0.0,3.6,0.7599999999999998,0.0,-0.0,1.8
509,6.75,13.91,18.0,12.84,24.75,11.770000000000001,22.5,4.28,29.25,3.5666666666666655
510,3.9000000000000004,47.94999999999998,148.20000000000002,41.099999999999994,-0.0,38.36,66.30000000000001,13.7,11.699999999999996,28.769999999999996
511,-0.0,89.50000000000001,-0.0,76.97000000000001,102.1275,71.60000000000001,136.17,26.850000000000005,-0.0,53.70000000000001
512,-0.0,75.83999999999999,-0.0,66.36,160.08,61.62,-0.0,23.7,105.70500000000001,45.81999999999999
513,8.700000000000001,77.41999999999999,149.64000000000001,66.36,-0.0,61.62,-0.0,23.7,108.31500000000001,45.81999999999999
514,8.35,110.55000000000001,145.29,95.7,100.19999999999999,89.10000000000001,-0.0,33.0,146.95999999999998,67.65
515,8.35,9.899999999999999,135.26999999999998,107.25000000000001,36.739999999999995,0.0,33.4,37.95,28.39,74.25
516,-0.0,109.62,-0.0,95.7,167.48000000000002,88.74,-0.0,33.06,142.20000000000002,66.12
517,-0.0,63.00000000000001,-0.0,54.60000000000001,-0.0,50.400000000000006,153.6,19.6,116.64,37.800000000000004
518,8.899999999999999,44.66000000000001,142.39999999999998,38.50000000000001,-0.0,36.96000000000001,17.799999999999994,13.860000000000003,-0.0,27.720000000000006
519,-0.0,13.040000000000001,-0.0,11.41,39.43333333333333,9.780000000000001,-0.0,3.2600000000000002,-0.0,8.15
520,-0.0,0.0,-0.0,0.0,-0.0,0.0,-0.0,0.0,-0.0,0.0
521,-0.0,1.6700000000000002,-0.0,1.6700000000000002,-0.0,0.0,-0.0,0.0,3.3,0.0
522,-0.0,17.38,13.920000000000002,14.219999999999999,17.400000000000002,12.639999999999999,15.660000000000002,4.739999999999999,17.400000000000002,9.479999999999999
523,7.5600000000000005,18.400000000000002,191.52,16.0,5.039999999999999,15.200000000000001,-0.0,5.6000000000000005,-0.0,11.200000000000001
524,-0.0,56.1,42.306666666666665,49.50000000000001,-0.0,44.550000000000004,140.28,16.5,-0.0,34.650000000000006
525,-0.0,81.0,115.52,70.2,-0.0,64.8,-0.0,25.2,96.9,48.6
526,-0.0,71.28,56.666666666666664,61.559999999999995,-0.0,56.699999999999996,-0.0,21.06,180.20000000000002,42.12
527,-0.0,67.95,137.56,58.89,-0.0,54.36,6.335000000000002,21.14,141.18,40.77
528,8.75,64.37,124.25,56.52,35.0,51.81,35.0,18.84,29.75,8.635
529,5.13,61.18000000000002,-0.0,53.13,152.19,49.910000000000004,-0.0,19.32,51.300000000000004,37.03
530,-0.0,19.72,-0.0,17.0,195.36,15.639999999999999,51.040000000000006,6.119999999999999,-0.0,11.559999999999999
531,4.83,27.360000000000003,73.79166666666667,23.94,-0.0,22.230000000000004,-0.0,8.55,-0.0,17.1
532,-0.0,13.12,-0.0,9.84,-0.0,9.84,36.400000000000006,3.28,-0.0,6.56
533,-0.0,0.0,-0.0,0.0,-0.0,0.0,-0.0,0.0,-0.0,0.0
534,2.706666666666666,1.2900000000000003,-0.0,1.2900000000000003,0.0,0.0,-0.0,0.0,-0.0,0.0
535,7.5,20.02,13.5,16.38,9.0,14.56,15.0,5.46,5.25,10.92
536,4.59,41.17000000000001,8.414999999999996,35.800000000000004,47.42999999999999,34.010000000000005,-0.0,12.530000000000001,58.13999999999999,25.060000000000002
537,-0.0,57.12,-0.0,50.4,-0.0,45.36,1.6400000000000006,16.8,196.79999999999995,35.28
538,7.9,78.3,-0.0,67.86,135.88,62.64,73.73333333333332,24.36,-0.0,46.98
539,-0.0,77.00000000000001,-0.0,66.50000000000001,95.37749999999998,61.25000000000001,117.74999999999999,22.750000000000004,-0.0,45.50000000000001
540,10.32,72.0,139.32000000000002,62.39999999999999,-0.0,57.599999999999994,108.36000000000001,22.4,9.460000000000004,43.199999999999996
541,11.06,71.34,126.4,62.64,33.18,34.8,31.6,20.88,25.28,43.5
542,8.049999999999999,64.98,-0.0,56.43000000000001,162.60999999999999,53.010000000000005,-0.0,20.520000000000003,33.27333333333332,39.330000000000005
543,-0.0,44.66000000000001,147.73999999999998,38.50000000000001,17.799999999999994,35.42000000000001,-0.0,13.860000000000003,-0.0,26.180000000000003
544,10.569999999999999,28.960000000000004,-0.0,25.340000000000003,64.17499999999998,23.530000000000005,-0.0,9.05,-0.0,18.1
545,-0.0,12.959999999999999,36.83333333333333,9.719999999999999,-0.0,9.719999999999999,-0.0,3.2399999999999998,-0.0,6.4799999999999995
546,-0.0,0.0,-0.0,0.0,-0.0,0.0,-0.0,0.0,-0.0,0.0
547,4.24,5.19,6.359999999999999,3.4600000000000004,0.0,3.4600000000000004,0.0,0.0,0.0,1.7300000000000002
548,8.04,7.860000000000001,14.069999999999999,6.550000000000002,0.0,6.550000000000002,2.01,0.0,10.049999999999999,0.655
549,7.199999999999999,6.080000000000001,-0.0,4.5600000000000005,0.0,4.5600000000000005,0.0,1.5200000000000002,12.959999999999999,3.0400000000000005
550,8.8,10.079999999999998,15.400000000000002,8.959999999999999,0.0,7.839999999999999,11.0,2.2399999999999998,24.750000000000007,5.6
551,-0.0,32.13,-0.0,27.54,0.0,26.01,14.32,9.18,98.45,18.36
552,6.0,47.32,12.0,41.86,0.0,38.22,3.75,14.56,115.5,29.12
553,7.52,33.120000000000005,15.04,28.800000000000004,1.88,25.919999999999995,16.919999999999998,10.080000000000002,112.8,20.159999999999997
554,8.85,20.150000000000002,10.620000000000001,18.6,1.77,17.05,-0.0,6.2,50.975999999999985,12.4
555,7.359999999999999,11.840000000000002,11.04,10.360000000000001,-0.0,10.360000000000001,16.56,2.9600000000000004,13.799999999999999,7.400000000000001
556,-0.0,19.580000000000002,-0.0,17.8,-0.0,16.02,-0.0,5.34,51.33333333333333,12.46
557,6.52,21.970000000000002,9.78,18.590000000000003,1.63,16.900000000000002,14.669999999999998,6.760000000000001,33.903999999999996,13.520000000000001
558,-0.0,9.8,-0.0,8.4,-0.0,8.4,-0.0,2.8000000000000003,40.0,5.6000000000000005
559,4.995,1.0999999999999999,-0.0,1.0999999999999999,0.0,1.0999999999999999,0.0,0.0,0.0,0.0
560,14.850000000000001,0.0,20.790000000000003,2.799999999999999,0.0,0.7000000000000002,0.0,0.0,0.0,0.0
561,7.279999999999999,0.0,12.739999999999998,24.000000000000004,0.0,0.0,7.279999999999999,0.0,1.8199999999999998,0.0
562,8.84,0.0,24.31,16.872000000000003,0.0,0.0,19.89,9.99,8.84,0.0
563,10.049999999999999,0.0,24.119999999999997,0.0,0.0,33.53600000000001,22.11,0.0,8.04,0.0
564,6.720000000000001,0.0,13.440000000000001,34.112,0.0,0.0,13.440000000000001,0.0,10.080000000000002,0.0
565,6.08,0.0,12.16,40.32000000000001,0.0,0.0,12.16,0.0,12.16,0.0
566,6.880000000000001,0.0,8.600000000000001,0.0,0.0,0.0,8.600000000000001,0.0,5.16,21.76
567,8.72,0.0,8.72,0.0,0.0,11.114999999999997,0.0,0.0,10.9,0.0
568,8.24,0.0,10.3,13.23,0.0,0.0,0.0,0.0,10.3,0.0
569,4.4,0.0,11.0,10.079999999999995,0.0,0.0,0.0,0.0,11.0,0.0
570,7.199999999999999,3.8,9.0,18.24000000000001,0.0,0.0,5.3999999999999995,0.0,9.0,0.0
571,-0.0,0.0,-0.0,0.0,0.0,0.0,-0.0,0.0,-0.0,0.0
572,-0.0,0.0,-0.0,0.0,0.0,0.0,0.0,0.0,0.0,0.0
573,8.65,0.0,12.11,0.0,0.0,19.080000000000002,0.0,0.0,0.0,0.0
574,6.4,0.0,11.200000000000001,12.613333333333333,0.0,0.0,0.0,0.0,0.0,0.0
575,9.600000000000001,0.0,12.8,25.8,1.6,0.0,1.6,0.0,3.2,0.0
576,10.440000000000001,0.0,13.920000000000002,27.64999999999999,1.7400000000000002,0.0,3.4800000000000004,0.0,6.960000000000001,0.0
577,9.36,0.0,12.48,23.936000000000003,0.0,0.0,3.12,0.0,1.56,0.0
578,10.26,0.0,13.68,0.0,1.71,0.0,3.42,0.0,1.71,24.15
579,11.52,0.0,9.6,21.00000000000001,3.84,0.0,7.68,0.0,1.92,0.0
580,13.559999999999999,0.0,11.299999999999999,17.66666666666667,4.52,0.0,11.299999999999999,0.0,4.52,0.0
581,13.930000000000001,0.0,9.950000000000001,24.38333333333334,1.9900000000000002,0.0,9.950000000000001,0.0,7.960000000000001,0.0
582,14.100000000000001,0.0,11.75,0.0,0.0,0.0,9.4,0.0,9.4,14.744
583,10.989999999999998,0.0,7.85,22.750000000000004,0.0,0.0,7.85,0.0,6.279999999999999,9.333333333333337
584,-0.0,0.0,-0.0,0.0,0.0,0.0,-0.0,0.0,-0.0,0.0
585,7.343999999999996,3.5800000000000005,-0.0,3.5800000000000005,0.0,3.5800000000000005,-0.0,0.0,1.5299999999999998,1.7900000000000003
586,10.14,22.82,18.59,19.560000000000002,15.209999999999999,0.0,11.83,6.5200000000000005,8.45,13.040000000000001
587,-0.0,29.699999999999996,190.92000000000002,26.4,13.320000000000004,24.199999999999996,-0.0,8.799999999999999,-0.0,18.7
588,-0.0,43.75000000000001,116.44166666666665,38.50000000000001,-0.0,35.00000000000001,-0.0,12.250000000000002,-0.0,26.250000000000004
589,-0.0,17.500000000000004,-0.0,14.000000000000002,45.79166666666666,14.000000000000002,-0.0,5.250000000000001,-0.0,10.500000000000002
590,-0.0,52.2,-0.0,45.24,140.8833333333333,41.76,-0.0,15.66,-0.0,31.32
591,10.98,68.54,-0.0,59.6,139.08,56.62,146.4,20.86,3.66,41.72
592,15.68,10.879999999999999,194.03999999999996,62.56,37.24,58.480000000000004,41.16,21.76,11.76,43.52
593,9.899999999999999,61.790000000000006,148.5,53.440000000000005,39.6,50.1,-0.0,18.37,-0.0,36.74
594,-0.0,51.900000000000006,155.82,44.980000000000004,-0.0,41.52,7.154999999999999,15.570000000000002,-0.0,31.140000000000004
595,-0.0,37.95,-0.0,33.0,-0.0,31.35,115.50833333333337,11.55,-0.0,23.1
596,-0.0,14.299999999999999,-0.0,12.87,-0.0,11.44,-0.0,4.29,56.700000000000024,8.58
597,-0.0,1.43,-0.0,1.43,6.048000000000002,1.43,-0.0,0.0,-0.0,1.43
598,0.7549999999999999,3.6200000000000006,-0.0,3.6200000000000006,0.0,3.6200000000000006,-0.0,0.0,9.059999999999999,1.8100000000000003
599,7.359999999999999,13.320000000000002,16.56,11.840000000000002,7.359999999999999,10.360000000000001,20.24,4.44,3.6799999999999997,7.400000000000001
600,6.800000000000001,38.879999999999995,117.58333333333331,34.019999999999996,-0.0,32.4,-0.0,11.34,-0.0,24.299999999999997
601,9.96,68.06,-0.0,59.76,214.14000000000001,54.779999999999994,-0.0,19.919999999999998,9.96,41.5
602,11.82,66.14999999999999,187.15,56.699999999999996,-0.0,52.64999999999999,-0.0,20.249999999999996,107.8575,39.15
603,6.24,128.48,152.88,110.88,-0.0,103.84,149.76,38.72,65.52000000000002,77.44
604,-0.0,129.6,88.15999999999998,113.4,-0.0,106.2,114.0,39.6,148.96,79.2
605,-0.0,72.0,141.36,63.0,28.88,59.4,-0.0,21.6,24.319999999999993,43.2
606,-0.0,52.900000000000006,-0.0,46.00000000000001,256.06,42.550000000000004,67.99333333333334,16.1,-0.0,32.2
607,-0.0,58.0,53.60666666666666,50.75,187.0,46.4,-0.0,17.4,-0.0,34.8
608,-0.0,31.159999999999997,-0.0,26.24,-0.0,24.599999999999998,-0.0,8.2,92.40000000000002,18.04
609,0.8849999999999998,4.65,7.08,4.65,7.08,3.1,3.54,1.55,-0.0,3.1
610,9.15,2.9799999999999995,14.64,19.37,16.47,17.88,14.64,5.96,21.96,13.41
611,0.8399999999999999,47.559999999999995,-0.0,41.0,52.080000000000005,37.72,57.120000000000005,14.76,62.160000000000004,27.88
612,3.76,51.83999999999999,-0.0,44.64000000000001,-0.0,41.760000000000005,174.84,15.840000000000002,42.61333333333334,31.680000000000003
613,7.199999999999999,98.80000000000001,22.500000000000007,85.12000000000002,-0.0,79.04,151.19999999999996,30.400000000000006,214.19999999999993,59.28000000000003
614,-0.0,104.39999999999999,-0.0,91.35,177.64999999999998,84.1,43.01000000000002,31.9,220.65999999999997,63.8
615,-0.0,88.55000000000001,145.35,77.28,47.88,70.84,119.69999999999996,27.37,-0.0,53.13
616,7.9,46.4,131.14000000000001,106.14,30.020000000000003,0.0,31.6,0.0,26.86,74.82
617,8.75,94.2,145.25,81.64,-0.0,76.93,5.25,28.26,211.75,56.52
618,9.5,46.86000000000001,161.5,39.760000000000005,34.20000000000001,36.92,-0.0,14.200000000000001,-0.0,28.400000000000002
619,10.049999999999999,39.30000000000001,142.70999999999998,34.06000000000001,-0.0,31.440000000000005,41.53999999999999,11.790000000000003,-0.0,23.580000000000005
620,7.7,23.14,-0.0,19.580000000000002,52.61666666666666,17.8,-0.0,7.12,-0.0,14.24
621,-0.0,0.0,-0.0,0.0,-0.0,0.0,-0.0,0.0,-0.0,0.0
622,13.09,4.35,0.9350000000000005,2.9,-0.0,2.9,-0.0,0.0,-0.0,1.45
623,5.5,9.690000000000001,24.75,7.98,22.0,0.0,22.0,2.8500000000000005,27.5,0.2849999999999999
624,5.43,57.38,42.23333333333335,49.83,56.11,46.81,57.92,18.12,65.16,34.73
625,8.4,88.55999999999999,136.08,77.08,169.68,72.16,5.879999999999999,26.24,-0.0,54.12
626,8.65,114.48,141.85999999999999,100.17,-0.0,92.22,134.94,34.980000000000004,121.96499999999999,69.96000000000001
627,8.25,98.53000000000002,13.200000000000003,86.84,-0.0,80.16000000000001,125.39999999999999,30.060000000000002,191.39999999999998,60.120000000000005
628,10.549999999999999,77.44000000000001,175.13,67.76,116.05,62.92000000000001,130.82,24.200000000000003,27.429999999999993,47.190000000000005
629,3.38,18.745000000000005,128.44,104.32000000000001,32.11,0.0,32.11,0.0,27.04,73.35000000000001
630,-0.0,99.84000000000002,133.76,87.36000000000001,97.67999999999999,81.12000000000002,142.55999999999997,31.200000000000006,-0.0,60.84000000000001
631,-0.0,79.38,-0.0,69.09,127.65,63.21,112.85000000000001,23.52,77.69999999999997,48.51
632,8.2,39.370000000000005,-0.0,34.290000000000006,135.29999999999995,31.750000000000007,-0.0,11.430000000000001,56.03333333333333,24.130000000000006
633,-0.0,19.8,-0.0,16.2,-0.0,14.4,-0.0,5.4,46.86666666666668,10.8
634,-0.0,0.0,-0.0,0.0,-0.0,0.0,-0.0,0.0,-0.0,0.0
635,10.14,3.2600000000000002,-0.0,3.2600000000000002,0.0,3.2600000000000002,0.0,0.0,1.69,1.6300000000000001
636,10.2,0.0,15.299999999999999,3.0800000000000005,0.0,0.0,0.0,0.0,15.299999999999999,7.700000000000003
637,6.1499999999999995,0.0,18.45,24.34166666666667,2.05,0.0,2.05,0.0,18.45,0.0
638,6.640000000000001,7.469999999999999,56.440000000000005,76.36,6.640000000000001,0.0,3.3200000000000003,0.0,18.26,0.0
639,10.569999999999999,0.0,46.809999999999995,97.74000000000001,6.039999999999999,0.0,3.0199999999999996,0.0,18.119999999999997,1.81
640,11.620000000000001,1.6599999999999997,53.120000000000005,91.3,8.3,0.0,1.6600000000000001,0.0,19.92,0.0
641,14.280000000000001,0.0,67.32000000000001,72.96000000000001,10.2,0.0,2.04,0.0,26.52,1.2799999999999998
642,9.84,0.0,50.84,89.03999999999999,9.84,0.0,3.2800000000000002,0.0,24.6,7.8400000000000025
643,11.129999999999999,0.0,47.699999999999996,100.34000000000002,9.54,0.0,4.77,2.5949999999999998,23.849999999999998,0.0
644,8.600000000000001,8.533333333333333,53.32000000000001,81.6,8.600000000000001,0.0,5.16,0.0,25.800000000000004,0.0
645,8.600000000000001,55.99999999999999,53.32000000000001,20.8,10.32,0.0,5.16,0.0,27.520000000000003,0.0
646,4.949999999999999,25.05,24.75,21.71,1.65,0.0,4.949999999999999,0.0,24.75,15.030000000000001
647,3.5324999999999993,1.7500000000000002,-0.0,1.7500000000000002,1.5699999999999998,1.7500000000000002,-0.0,0.0,-0.0,1.7500000000000002
648,-0.0,1.53,7.16,1.53,-0.0,1.53,0.0,0.0,0.0,1.53
649,7.0,0.0,10.5,6.279999999999999,0.0,0.0,0.0,6.28,0.0,0.0
650,3.8600000000000003,0.0,13.510000000000002,12.232,1.9300000000000002,0.0,0.0,0.0,1.9300000000000002,0.0
651,12.600000000000001,0.0,21.0,24.399999999999995,0.0,0.0,10.5,0.0,8.4,0.0
652,9.72,0.0,16.200000000000003,35.36,0.0,0.0,9.72,0.0,6.48,0.0
653,11.620000000000001,0.0,16.6,3.3199999999999994,1.6600000000000001,0.0,8.3,41.5,9.96,0.0
654,10.26,0.0,17.1,41.59166666666666,1.71,0.0,10.26,0.0,13.68,0.0
655,9.120000000000001,0.0,10.64,31.680000000000003,0.0,0.0,9.120000000000001,0.0,4.5600000000000005,0.0
656,10.559999999999999,0.0,10.559999999999999,0.0,0.0,0.0,12.319999999999999,0.0,8.799999999999999,29.951999999999998
657,11.34,0.0,11.34,0.0,0.0,29.743999999999996,17.01,0.0,9.450000000000001,0.0
658,11.82,0.0,11.82,24.839999999999996,0.0,0.0,11.82,0.0,9.850000000000001,0.0
659,14.399999999999995,0.0,10.799999999999999,18.24000000000001,0.0,8.106666666666667,9.0,6.080000000000001,9.0,0.0
660,-0.0,0.0,-0.0,0.0,0.0,0.0,-0.0,0.0,-0.0,0.0
661,0.9299999999999997,2.9200000000000004,7.4399999999999995,2.9200000000000004,1.8599999999999999,2.9200000000000004,1.8599999999999999,0.0,0.0,1.4600000000000002
662,5.5,0.0,24.75,9.120000000000001,22.0,1.1400000000000003,13.75,2.8500000000000005,0.0,0.0
663,3.8,39.760000000000005,44.33333333333335,35.50000000000001,58.9,32.660000000000004,62.699999999999996,11.360000000000001,0.0,24.140000000000004
664,-0.0,83.60000000000001,-0.0,72.96000000000001,233.99999999999991,68.4,93.14999999999998,25.840000000000003,-0.0,51.68000000000001
665,3.9400000000000004,82.35,5.910000000000002,71.55,222.61,66.14999999999999,185.18,25.65,7.880000000000001,49.949999999999996
666,4.98,111.22,151.06,96.28,61.97333333333334,89.64,149.4,34.86,1.6600000000000001,68.06
667,3.1399999999999997,127.75000000000001,146.01,110.25000000000001,102.04999999999998,103.25000000000001,117.74999999999999,38.50000000000001,1.5699999999999998,22.166666666666675
668,3.96,99.16000000000001,166.32,0.0,39.6,56.81599999999999,39.6,0.0,1.98,0.0
669,3.3,101.87,141.9,88.51,194.7,81.83000000000001,9.075000000000003,31.730000000000004,3.3,61.790000000000006
670,-0.0,34.50000000000001,-0.0,29.900000000000002,15.19,27.6,193.13,10.350000000000001,8.68,20.700000000000003
671,-0.0,28.14,-0.0,24.12,-0.0,22.78,123.75,8.040000000000001,-0.0,17.42
672,-0.0,13.140000000000002,-0.0,11.680000000000001,48.04999999999998,10.22,-0.0,2.9200000000000004,-0.0,7.300000000000001
673,6.720000000000001,2.1599999999999997,-0.0,2.1599999999999997,0.0,1.0799999999999998,4.48,0.0,-0.0,1.0799999999999998
674,7.800000000000001,2.6400000000000006,12.48,19.36,10.92,17.6,15.600000000000001,7.04,7.800000000000001,12.32
675,-0.0,60.42,50.60249999999999,52.470000000000006,55.36,47.7,60.55,17.490000000000002,50.17,36.57
676,10.75,62.010000000000005,-0.0,53.82000000000001,249.39999999999998,50.31000000000001,98.90000000000002,18.720000000000002,-0.0,37.440000000000005
677,8.95,91.8,152.15,79.56,159.31000000000003,74.97,33.11499999999998,27.54,-0.0,56.61
678,7.6,108.0,-0.0,93.60000000000001,126.16,88.2,123.12,32.4,35.71999999999999,66.60000000000001
679,-0.0,77.5,134.52,66.65,-0.0,62.0,12.389999999999997,23.25,155.76,46.5
680,12.059999999999999,3.2750000000000004,146.73,60.26000000000001,38.19,56.33000000000001,44.22,0.0,12.059999999999999,41.92000000000001
681,11.16,77.38000000000001,133.92,67.16000000000001,28.82999999999999,62.78000000000001,150.66,23.360000000000003,-0.0,46.720000000000006
682,9.48,34.8,-0.0,29.58,-0.0,27.84,-0.0,10.44,85.58333333333331,20.88
683,-0.0,24.36,-0.0,20.88,64.51666666666665,19.14,-0.0,6.96,-0.0,13.92
684,-0.0,6.8,-0.0,6.8,-0.0,5.1,-0.0,1.7,18.900000000000002,3.4
685,-0.0,0.0,-0.0,0.0,-0.0,0.0,-0.0,0.0,-0.0,0.0
686,9.299999999999999,2.9200000000000004,-0.0,2.9200000000000004,-0.0,2.9200000000000004,3.7199999999999998,0.0,-0.0,1.4600000000000002
687,4.709999999999999,22.750000000000004,14.129999999999999,19.250000000000004,10.989999999999998,10.500000000000005,14.129999999999999,0.0,20.409999999999997,14.000000000000002
688,-0.0,36.96000000000001,17.799999999999994,32.34,53.39999999999999,30.800000000000004,-0.0,10.780000000000001,65.86,23.100000000000005
689,-0.0,70.00000000000001,-0.0,59.50000000000001,164.85,56.00000000000001,38.726666666666674,21.000000000000004,-0.0,42.00000000000001
690,-0.0,76.97000000000001,-0.0,66.23,130.04999999999998,62.650000000000006,79.1775,23.270000000000003,-0.0,46.540000000000006
691,-0.0,111.36,131.14000000000001,95.7,135.88,88.74,-0.0,33.06,62.14666666666666,67.86
692,3.3200000000000003,91.3,-0.0,79.67999999999999,99.60000000000001,74.7,43.16000000000001,28.22,162.68,56.44
693,-0.0,69.03000000000002,123.99999999999999,60.18000000000001,32.55,54.870000000000005,-0.0,21.240000000000002,40.3,42.480000000000004
694,4.02,41.92000000000001,-0.0,36.68000000000001,209.03999999999996,34.06000000000001,9.044999999999998,13.100000000000003,-0.0,24.890000000000004
695,-0.0,46.50000000000001,35.18666666666667,40.50000000000001,-0.0,37.50000000000001,149.23999999999998,13.500000000000002,-0.0,28.500000000000004
696,-0.0,26.859999999999996,-0.0,22.119999999999997,-0.0,20.54,-0.0,7.8999999999999995,85.55000000000004,15.799999999999999
697,-0.0,11.44,-0.0,10.01,-0.0,8.58,44.100000000000016,2.86,-0.0,7.1499999999999995
698,-0.0,0.0,-0.0,0.0,-0.0,0.0,-0.0,0.0,-0.0,0.0
699,12.48,7.04,-0.0,5.28,-0.0,5.28,3.12,1.76,4.68,3.52
700,13.58,27.6,15.52,23.46,17.46,1.3800000000000003,17.46,8.280000000000001,23.28,0.0
701,-0.0,56.28,160.38,48.24,-0.0,45.56,69.3,17.42,33.66000000000001,33.5
702,11.299999999999999,51.94000000000001,192.1,44.52000000000001,-0.0,42.40000000000001,145.76999999999998,15.900000000000004,-0.0,31.800000000000008
703,7.949999999999999,121.10000000000001,131.97,103.80000000000001,-0.0,96.88000000000001,33.39,36.330000000000005,189.20999999999998,72.66000000000001
704,-0.0,102.05999999999999,146.20000000000002,89.1,147.90000000000006,82.61999999999999,-0.0,30.779999999999998,60.06666666666666,61.559999999999995
705,8.45,94.54,136.89,83.13000000000001,-0.0,76.61,111.53999999999999,29.340000000000003,64.21999999999998,57.050000000000004
706,12.05,38.21999999999999,197.62,47.31999999999999,48.2,0.0,48.2,0.0,40.97,32.76
707,7.800000000000001,116.16,3.9000000000000012,100.32000000000001,163.8,93.28,-0.0,35.2,188.76000000000002,70.4
708,9.25,74.97,5.549999999999999,66.15,166.5,60.269999999999996,153.55,23.52,-0.0,45.57
709,12.66,41.14000000000001,164.57999999999998,35.09,-0.0,32.67,50.639999999999986,12.100000000000001,-0.0,24.200000000000003
710,-0.0,20.41,-0.0,17.27,-0.0,17.27,68.54166666666667,6.28,-0.0,12.56
711,-0.0,0.0,-0.0,0.0,-0.0,0.0,-0.0,0.0,-0.0,0.0
712,10.02,9.9,6.68,8.25,1.67,0.0,5.01,0.825,3.34,6.6000000000000005
713,5.25,0.7849999999999999,15.75,36.11,14.0,0.0,17.5,0.0,17.5,25.12
714,3.2800000000000002,63.839999999999996,24.60000000000001,55.44,49.2,52.08,62.32000000000001,18.48,59.040000000000006,38.64
715,-0.0,91.52,76.05,79.2,-0.0,73.92,-0.0,28.16,190.32,56.32
716,3.96,80.4,-0.0,69.68,10.890000000000002,65.66000000000001,172.26,24.12,229.68,49.580000000000005
717,3.54,100.75,150.45,88.35000000000001,-0.0,82.15,141.6,31.0,80.23999999999998,62.0
718,3.26,121.67999999999998,49.98666666666666,104.78000000000002,89.64999999999999,98.02000000000001,109.21,37.18000000000001,141.81000000000003,72.67
719,3.42,0.0,141.93,96.60000000000004,32.49,90.16000000000001,34.2,0.0,27.36,25.760000000000005
720,3.6399999999999997,81.00000000000001,-0.0,70.50000000000001,135.135,66.00000000000001,169.26,24.000000000000004,-0.0,49.50000000000001
721,-0.0,48.599999999999994,179.20000000000002,42.12,139.44000000000003,39.959999999999994,-0.0,15.119999999999997,-0.0,30.239999999999995
722,3.8200000000000003,14.1,-0.0,12.69,54.116666666666674,11.28,-0.0,4.2299999999999995,-0.0,8.459999999999999
723,-0.0,7.160000000000001,-0.0,7.160000000000001,20.4,7.160000000000001,-0.0,1.7900000000000003,-0.0,5.370000000000001
724,-0.0,3.0000000000000004,-0.0,3.0000000000000004,10.192000000000004,3.0000000000000004,-0.0,0.0,-0.0,1.5000000000000002
725,-0.0,2.8500000000000005,0.23499999999999943,0.0,0.0,0.0,0.0,0.0,-0.0,0.0
726,8.28,0.6250000000000002,14.489999999999998,15.000000000000004,0.0,0.0,0.0,5.000000000000001,12.419999999999998,0.0
727,9.36,0.0,53.81999999999999,29.400000000000006,0.0,0.0,2.34,0.0,21.06,4.573333333333335
728,9.04,38.16000000000001,128.82,32.86000000000001,0.0,0.0,13.559999999999999,11.660000000000004,24.86,0.0
729,7.5600000000000005,30.506666666666668,96.39,60.059999999999995,0.0,0.0,13.23,0.0,22.68,0.0
730,8.5,0.0,88.4,17.009999999999998,1.7000000000000002,92.33999999999999,13.600000000000001,0.0,20.400000000000002,0.0
731,11.06,0.0,82.16,104.4,1.58,0.0,18.96,0.0,20.54,28.999999999999996
732,11.200000000000001,0.0,78.4,35.260000000000005,1.6,0.0,16.0,0.0,24.0,70.52
733,13.44,9.333333333333334,94.08,72.80000000000001,0.0,0.0,17.28,25.200000000000003,28.799999999999997,0.0
734,9.18,69.81000000000002,73.44,60.86000000000001,0.0,0.0,13.769999999999998,4.475000000000001,22.949999999999996,0.0
735,-0.0,5.550000000000001,33.150000000000006,5.550000000000001,-0.0,4.44,-0.0,1.11,-0.0,3.33
736,-0.0,0.0,-0.0,0.0,0.0,0.0,-0.0,0.0,-0.0,0.0
737,4.950000000000001,1.1199999999999999,-0.0,1.1199999999999999,0.0,1.1199999999999999,0.0,0.0,0.0,0.0
738,8.049999999999999,0.8550000000000002,11.27,15.390000000000002,0.0,0.0,1.6099999999999999,5.130000000000001,0.0,0.0
739,7.649999999999999,0.0,12.239999999999998,18.795,0.0,0.0,0.0,0.0,1.5299999999999998,0.0
740,9.75,0.6849999999999998,95.55000000000001,34.249999999999986,0.0,31.509999999999998,0.0,12.329999999999998,7.800000000000001,0.0
741,9.48,27.84,58.14400000000001,24.36,-0.0,22.62,3.16,8.7,6.32,17.4
742,9.54,22.490000000000002,36.88799999999999,19.03,1.5899999999999999,19.03,7.949999999999999,6.920000000000001,9.54,13.840000000000002
743,13.919999999999998,15.000000000000004,57.419999999999995,13.000000000000004,0.0,12.000000000000004,13.919999999999998,4.000000000000001,18.56,9.000000000000002
744,9.24,46.28,69.3,40.94,0.0,13.053333333333335,9.24,0.0,4.62,0.0
745,11.16,32.120000000000005,85.55999999999999,27.740000000000002,0.0,26.280000000000005,13.02,3.6500000000000012,9.299999999999999,0.0
746,11.22,15.95,30.854999999999997,14.5,0.0,13.049999999999999,13.09,4.35,9.350000000000001,10.15
747,14.34,11.16,59.272,9.299999999999999,0.0,9.299999999999999,11.950000000000001,2.79,-0.0,6.51
748,15.61,4.36,1.1150000000000002,3.2700000000000005,0.0,3.2700000000000005,-0.0,1.09,11.15,2.18
749,-0.0,0.0,-0.0,0.0,0.0,0.0,-0.0,0.0,-0.0,0.0
750,5.219999999999999,1.0000000000000002,-0.0,1.0000000000000002,0.0,1.0000000000000002,-0.0,0.0,0.0,0.0
751,6.449999999999999,2.9250000000000007,19.349999999999998,10.530000000000001,15.049999999999999,9.360000000000001,19.349999999999998,0.0,0.0,7.020000000000001
752,3.4400000000000004,36.8,15.480000000000006,31.999999999999996,49.88,28.799999999999997,56.760000000000005,11.2,0.0,22.4
753,-0.0,66.36,19.14,56.879999999999995,219.2400000000001,53.71999999999999,-0.0,20.54,3.4800000000000004,39.49999999999999
754,-0.0,10.480000000000002,-0.0,7.860000000000001,43.54999999999998,7.860000000000001,-0.0,2.6200000000000006,-0.0,5.240000000000001
755,-0.0,5.430000000000001,-0.0,5.430000000000001,-0.0,5.430000000000001,15.099999999999994,1.8100000000000003,-0.0,3.6200000000000006
756,-0.0,14.31,-0.0,11.13,43.24999999999999,11.13,-0.0,3.18,-0.0,7.95
757,3.1399999999999997,29.750000000000004,46.47200000000001,26.250000000000004,-0.0,24.500000000000004,32.97,8.750000000000002,1.5699999999999998,17.500000000000004
758,-0.0,31.980000000000004,-0.0,28.290000000000006,-0.0,25.830000000000005,163.71666666666667,9.840000000000002,-0.0,19.680000000000003
759,3.2199999999999998,51.300000000000004,-0.0,44.46000000000001,12.074999999999996,41.040000000000006,138.46000000000004,15.390000000000002,6.4399999999999995,30.780000000000005
760,-0.0,37.8,-0.0,32.76,179.22,30.240000000000002,20.600000000000005,11.34,-0.0,22.68
761,-0.0,24.16,-0.0,21.14,101.36,19.63,1.8100000000000005,7.55,-0.0,15.1
762,-0.0,2.26,0.5300000000000002,0.0,-0.0,0.0,-0.0,0.0,-0.0,0.0
763,0.9900000000000002,1.34,-0.0,0.0,0.0,0.0,-0.0,0.0,-0.0,0.0
764,9.36,14.520000000000001,14.040000000000001,19.36,4.68,0.0,14.040000000000001,5.28,7.800000000000001,12.32
765,-0.0,12.320000000000006,105.98399999999998,10.640000000000006,-0.0,9.520000000000005,-0.0,3.3600000000000017,80.03999999999999,7.280000000000004
766,-0.0,67.2,-0.0,57.12,-0.0,53.76,14.760000000000005,20.16,203.35999999999996,40.32
767,-0.0,90.78,72.76500000000001,80.1,-0.0,74.76,-0.0,28.48,187.88000000000005,55.18
768,-0.0,64.44000000000001,-0.0,55.49000000000001,134.64,51.91000000000001,47.0475,19.69,-0.0,39.38
769,-0.0,33.92000000000001,-0.0,29.680000000000007,-0.0,27.560000000000006,153.67999999999998,10.600000000000003,79.66499999999999,20.140000000000004
770,14.56,39.68,162.24,34.72,41.6,32.24,5.2,12.4,12.48,24.8
771,-0.0,34.8,-0.0,30.45,-0.0,27.55,-0.0,10.15,132.45833333333334,20.3
772,-0.0,30.590000000000003,-0.0,25.76,94.05000000000001,24.150000000000002,-0.0,8.05,-0.0,17.71
773,-0.0,12.780000000000001,-0.0,11.360000000000001,-0.0,11.360000000000001,53.833333333333336,4.260000000000001,-0.0,8.520000000000001
774,-0.0,5.4,-0.0,4.500000000000001,-0.0,4.500000000000001,42.35000000000001,1.8000000000000003,-0.0,2.7
775,7.5,3.64,-0.0,1.82,-0.0,1.82,-0.0,0.0,-0.0,1.82
776,5.01,26.400000000000002,15.03,23.1,18.369999999999997,10.999999999999998,15.03,8.25,21.71,0.0
777,3.96,44.220000000000006,144.54,37.52,61.38,34.84,10.890000000000002,13.4,-0.0,26.8
778,-0.0,59.5,-0.0,51.0,-0.0,47.6,-0.0,18.7,168.75,35.699999999999996
779,3.2800000000000002,89.03999999999999,21.866666666666674,77.28,141.04000000000002,72.24,134.48000000000002,26.88,-0.0,53.76
780,4.0,68.64,162.0,59.400000000000006,24.0,55.440000000000005,158.0,21.12,-0.0,40.92
781,-0.0,47.73000000000001,-0.0,41.28000000000001,46.01333333333332,38.70000000000001,-0.0,14.190000000000003,198.93999999999997,28.380000000000006
782,8.700000000000001,94.8,137.46,83.74,27.840000000000003,2.369999999999999,40.02,28.439999999999998,83.52000000000001,58.459999999999994
783,4.02,81.22000000000001,-0.0,70.74000000000001,-0.0,65.50000000000001,186.92999999999998,24.890000000000004,251.24999999999997,48.47000000000001
784,-0.0,72.00000000000001,143.78,63.00000000000001,-0.0,58.50000000000001,-0.0,22.500000000000004,136.86400000000003,43.50000000000001
785,-0.0,44.55,63.5325,39.15,149.72000000000003,36.449999999999996,-0.0,13.499999999999998,-0.0,26.999999999999996
786,-0.0,11.34,-0.0,8.82,-0.0,8.82,51.5,2.52,-0.0,6.3
787,-0.0,1.61,-0.0,1.61,3.8474999999999993,1.61,-0.0,0.0,-0.0,0.0
788,0.9749999999999996,2.7399999999999998,7.800000000000001,2.7399999999999998,-0.0,2.7399999999999998,3.9000000000000004,0.0,-0.0,1.3699999999999999
789,11.48,5.880000000000001,13.120000000000001,21.84,14.760000000000002,20.16,14.760000000000002,6.72,19.68,15.12
790,-0.0,48.050000000000004,134.52,41.85,54.87,38.75,-0.0,13.950000000000001,3.539999999999999,29.45
791,-0.0,88.74,143.2,76.5,-0.0,70.38,-0.0,26.01,180.432,53.550000000000004
792,-0.0,96.33000000000001,130.40000000000003,84.50000000000001,-0.0,77.74000000000001,4.889999999999997,28.730000000000004,193.97000000000003,59.150000000000006
793,3.1399999999999997,113.75000000000001,-0.0,99.75000000000001,131.88,92.75000000000001,24.335000000000004,35.00000000000001,185.26,70.00000000000001
794,-0.0,32.0,-0.0,26.88,-0.0,25.6,134.64000000000001,8.96,29.919999999999998,19.2
795,-0.0,10.160000000000002,-0.0,8.890000000000002,-0.0,8.890000000000002,-0.0,2.5400000000000005,49.54166666666667,6.350000000000001
796,-0.0,31.0,-0.0,26.35,104.72500000000001,24.8,-0.0,9.3,-0.0,18.6
797,-0.0,9.1,-0.0,7.800000000000001,-0.0,6.5,-0.0,2.6,40.400000000000006,5.2
798,-0.0,1.4000000000000001,-0.0,1.4000000000000001,6.144,1.4000000000000001,-0.0,0.0,-0.0,1.4000000000000001
799,-0.0,0.0,-0.0,0.0,-0.0,0.0,-0.0,0.0,-0.0,0.0
800,-0.0,3.5000000000000004,3.1400000000000006,1.7500000000000002,0.0,1.7500000000000002,-0.0,0.0,3.1399999999999997,1.7500000000000002
801,7.880000000000001,16.2,17.73,14.849999999999998,13.790000000000001,13.499999999999998,19.700000000000003,4.05,19.700000000000003,2.7
802,-0.0,33.800000000000004,-0.0,28.730000000000004,-0.0,27.040000000000003,58.680000000000014,10.14,42.78750000000001,20.28
803,3.3200000000000003,64.74,129.48000000000002,56.44,-0.0,51.46,73.45500000000001,19.919999999999998,-0.0,38.18
804,-0.0,42.50000000000001,-0.0,37.50000000000001,-0.0,35.00000000000001,7.245000000000001,12.500000000000002,240.11999999999998,26.250000000000004
805,-0.0,97.74000000000001,128.35,85.07000000000001,-0.0,79.64000000000001,-0.0,28.960000000000004,131.67199999999997,59.73000000000001
806,-0.0,87.21000000000001,102.03000000000002,74.97,105.61,70.38,121.72,26.01,-0.0,52.02
807,10.799999999999999,54.72000000000003,142.19999999999996,47.120000000000005,6.3000000000000025,44.080000000000005,37.8,16.720000000000002,28.799999999999997,33.440000000000005
808,-0.0,63.35000000000001,20.133333333333326,56.11000000000001,161.56999999999996,52.49000000000001,-0.0,19.910000000000004,-0.0,38.010000000000005
809,-0.0,75.19999999999999,98.04,63.99999999999999,156.52,60.8,-0.0,22.4,-0.0,44.8
810,-0.0,58.74,-0.0,51.62,40.42500000000001,48.06,-0.0,17.8,129.36000000000004,35.6
811,-0.0,17.3,-0.0,15.570000000000002,-0.0,13.840000000000002,47.69999999999999,5.19,-0.0,10.38
812,-0.0,0.0,-0.0,0.0,-0.0,0.0,-0.0,0.0,-0.0,0.0
813,15.059999999999999,1.6200000000000006,-0.0,1.6200000000000006,0.0,1.6200000000000006,0.0,0.0,2.51,0.8100000000000003
814,9.8,0.0,17.150000000000002,13.919999999999998,0.0,0.0,0.0,0.0,14.700000000000001,0.43499999999999983
815,9.56,0.0,16.73,13.95,0.0,0.0,0.0,0.0,21.51,0.0
816,6.960000000000001,0.0,13.920000000000002,12.639999999999997,10.440000000000001,0.0,0.0,26.859999999999996,19.14,0.0
817,7.84,0.0,15.68,40.25599999999999,25.48,0.0,0.0,0.0,23.52,0.0
818,5.13,49.641666666666666,13.68,0.0,22.23,0.0,1.71,0.0,20.52,0.0
819,4.12,40.95,18.54,0.0,26.78,0.0,4.12,0.0,26.78,0.0
820,3.0,0.0,9.0,60.66666666666667,16.5,0.0,9.0,0.0,22.5,0.0
821,3.8600000000000003,0.0,9.65,47.491666666666674,21.23,0.0,15.440000000000001,0.0,28.950000000000003,0.0
822,8.32,0.0,10.4,54.56,33.28,0.0,18.72,3.0999999999999996,31.200000000000003,0.0
823,7.16,0.0,8.95,27.54,21.48,10.199999999999998,16.11,9.18,28.64,18.36
824,-0.0,12.480000000000002,2.6399999999999997,10.920000000000002,3.5199999999999996,10.920000000000002,15.839999999999998,3.1200000000000006,26.4,7.800000000000002
825,-0.0,0.0,-0.0,0.0,-0.0,0.0,-0.0,0.0,-0.0,0.0
826,7.7,0.0,6.16,7.12,0.0,7.12,1.54,1.78,0.0,0.8899999999999999
827,4.5600000000000005,0.0,12.16,16.2,0.0,0.0,1.52,0.0,0.0,0.0
828,6.63,0.0,17.68,11.544000000000002,0.0,0.0,2.21,0.0,2.21,0.0
829,4.62,0.0,12.32,25.216666666666672,1.54,0.0,1.54,0.0,6.16,0.0
830,5.550000000000001,0.0,14.8,0.0,5.550000000000001,35.28,11.100000000000001,0.0,7.4,0.0
831,4.83,0.0,12.879999999999999,54.15,22.54,0.0,11.27,0.0,9.66,0.0
832,5.8500000000000005,0.0,17.55,30.139999999999986,31.200000000000003,5.48,13.650000000000002,0.0,15.600000000000001,20.549999999999997
833,4.46,11.99,11.15,9.81,35.68,2.1800000000000006,15.61,3.2700000000000005,6.6899999999999995,6.540000000000001
834,1.7999999999999998,30.400000000000013,7.199999999999999,14.820000000000004,28.799999999999997,0.0,12.599999999999998,0.0,9.0,0.0
835,2.13,0.0,10.649999999999999,0.0,23.43,29.750000000000007,17.04,0.0,10.649999999999999,0.0
836,2.2,2.799999999999999,8.8,16.799999999999997,4.4,0.0,17.6,0.0,11.0,0.0
837,-0.0,3.5000000000000004,6.279999999999999,1.7500000000000002,-0.0,1.7500000000000002,0.7850000000000001,0.0,-0.0,1.7500000000000002
838,-0.0,0.0,-0.0,0.0,-0.0,0.0,-0.0,0.0,0.0,0.0
839,5.16,17.599999999999998,15.480000000000002,14.399999999999999,12.040000000000001,1.6,10.32,4.8,0.0,0.0
840,3.26,43.940000000000005,72.12750000000001,38.870000000000005,-0.0,35.489999999999995,53.79000000000001,13.520000000000001,0.0,27.040000000000003
841,-0.0,56.00000000000001,139.72999999999993,49.00000000000001,-0.0,45.50000000000001,18.840000000000003,17.500000000000004,3.1399999999999997,33.25000000000001
842,-0.0,61.540000000000006,-0.0,54.30000000000001,9.059999999999999,50.68000000000001,161.56999999999994,18.1,6.039999999999999,38.010000000000005
843,-0.0,72.89999999999999,119.67750000000001,63.449999999999996,222.61,59.39999999999999,-0.0,21.599999999999998,-0.0,44.55
844,-0.0,63.08,162.68,54.779999999999994,-0.0,51.46,42.05333333333334,18.259999999999998,-0.0,38.18
845,4.24,42.0,186.56,36.000000000000014,40.28,33.60000000000001,19.78666666666667,12.0,2.12,25.2
846,3.42,53.13,150.47999999999996,46.690000000000005,-0.0,43.470000000000006,30.780000000000005,16.1,3.42,32.20000000000001
847,-0.0,48.06,-0.0,40.94,123.19999999999999,39.160000000000004,-0.0,14.24,-0.0,28.48
848,-0.0,32.76,-0.0,29.12,81.25,27.3,-0.0,9.1,-0.0,20.02
849,-0.0,11.479999999999999,33.60000000000001,9.84,-0.0,8.2,-0.0,3.28,-0.0,6.56
850,-0.0,0.0,-0.0,0.0,-0.0,0.0,-0.0,0.0,-0.0,0.0
851,-0.0,0.0,-0.0,0.0,0.0,0.0,-0.0,0.0,-0.0,0.0
852,3.16,7.829999999999999,12.64,19.14,14.22,17.4,14.22,6.96,22.12,13.92
853,3.9800000000000004,31.919999999999995,17.910000000000004,27.929999999999996,57.71000000000001,25.269999999999996,71.64000000000001,9.309999999999999,-0.0,18.619999999999997
854,-0.0,62.31999999999999,-0.0,54.12,35.83999999999999,50.839999999999996,174.72000000000003,18.04,-0.0,37.72
855,-0.0,100.2,140.25,86.84,158.39999999999998,80.16000000000001,-0.0,30.060000000000002,27.225000000000005,60.120000000000005
856,3.92,77.52000000000001,164.63999999999996,66.64,-0.0,62.56,-0.0,23.12,171.98999999999998,46.24
857,3.24,112.2,10.530000000000006,96.89999999999999,98.82000000000001,90.1,113.39999999999998,34.0,145.8,68.0
858,3.5999999999999996,91.20000000000002,140.39999999999995,79.04,34.199999999999996,0.0,39.599999999999994,27.360000000000003,30.599999999999998,6.08
859,3.0999999999999996,106.20000000000002,6.975000000000003,92.04,164.29999999999993,86.73000000000002,151.89999999999995,31.860000000000003,-0.0,63.720000000000006
860,4.44,39.599999999999994,182.04000000000002,34.099999999999994,-0.0,31.899999999999995,-0.0,12.099999999999998,66.60000000000002,24.199999999999996
861,-0.0,33.48,172.48000000000002,29.159999999999997,-0.0,26.999999999999996,50.77333333333334,9.719999999999999,-0.0,20.519999999999996
862,6.880000000000001,27.2,2.580000000000001,23.999999999999996,-0.0,22.4,92.88000000000001,7.999999999999999,-0.0,15.999999999999998
863,-0.0,1.49,-0.0,1.49,4.1175,1.49,-0.0,0.0,-0.0,0.0
864,3.7800000000000007,1.64,-0.0,1.64,0.0,1.64,-0.0,0.0,-0.0,0.0
865,12.16,23.400000000000002,15.2,19.8,10.64,18.0,10.64,1.8000000000000003,18.240000000000002,14.4
866,3.4800000000000004,39.49999999999999,77.95200000000003,33.18,52.2,31.599999999999998,-0.0,11.059999999999999,-0.0,23.7
867,-0.0,63.550000000000004,-0.0,55.800000000000004,201.78,51.15,-0.0,18.6,38.93999999999999,38.75
868,-0.0,40.500000000000014,213.35,34.83000000000001,-0.0,32.40000000000001,233.42999999999998,12.150000000000004,-0.0,24.300000000000008
869,-0.0,73.80000000000001,-0.0,63.96000000000001,190.19,60.27000000000001,175.56,22.140000000000004,42.845,45.510000000000005
870,-0.0,46.08000000000001,-0.0,39.36000000000001,141.6,37.440000000000005,167.56,13.440000000000003,62.93333333333331,27.840000000000007
871,3.08,27.293333333333337,103.18,108.57999999999997,32.34,0.0,32.34,0.0,24.64,76.54
872,5.37,59.66999999999998,-0.0,52.02,-0.0,48.96,20.28666666666667,18.36,216.59,36.72
873,8.45,65.2,13.519999999999996,57.050000000000004,-0.0,52.160000000000004,-0.0,19.560000000000002,206.18,39.120000000000005
874,7.7,14.24,-0.0,12.46,30.799999999999997,12.46,-0.0,3.56,-0.0,8.9
875,-0.0,0.0,-0.0,0.0,-0.0,0.0,-0.0,0.0,-0.0,0.0
876,-0.0,2.5200000000000005,-0.0,2.5200000000000005,-0.0,1.6800000000000002,-0.0,0.8400000000000001,22.73333333333333,1.6800000000000002
877,2.0,1.82,-0.0,1.82,0.0,1.82,-0.0,0.0,1.5,0.0
878,5.1899999999999995,0.7950000000000002,17.3,19.080000000000002,12.11,17.490000000000002,15.57,6.36,12.11,12.72
879,5.3100000000000005,43.4,23.01,37.2,4.424999999999999,34.1,67.26,12.4,70.8,26.35
880,-0.0,53.32,77.65333333333334,45.88,-0.0,43.4,203.84,16.12,-0.0,32.24
881,7.62,22.62,-0.0,19.5,-0.0,17.94,-0.0,7.0200000000000005,211.66666666666666,13.26
882,-0.0,55.599999999999994,72.05333333333333,48.65,167.91000000000003,44.48,-0.0,16.68,-0.0,33.36
883,-0.0,59.769999999999996,-0.0,51.43,110.01,48.65,123.52000000000001,18.07,31.844999999999995,36.14
884,3.5999999999999996,15.200000000000001,145.79999999999995,72.96000000000001,36.0,66.88000000000001,37.8,0.0,28.799999999999997,50.160000000000025
885,3.24,49.3,-0.0,44.199999999999996,160.38000000000002,40.8,-0.0,15.299999999999999,4.0500000000000025,30.599999999999998
886,-0.0,21.06,-0.0,17.82,-0.0,17.82,-0.0,6.4799999999999995,66.58333333333333,12.959999999999999
887,-0.0,14.9,-0.0,11.92,53.375,11.92,-0.0,4.47,-0.0,8.94
888,-0.0,11.690000000000001,33.0,10.020000000000001,-0.0,8.350000000000001,-0.0,3.3400000000000003,-0.0,6.680000000000001
889,-0.0,0.0,-0.0,0.0,-0.0,0.0,-0.0,0.0,-0.0,0.0
890,-0.0,0.0,-0.0,0.0,0.0,0.0,-0.0,0.0,-0.0,0.0
891,12.64,19.14,15.8,17.4,0.79,15.66,14.22,5.22,18.96,12.18
892,6.5600000000000005,50.4,21.32,43.68,13.120000000000005,40.32,59.040000000000006,15.12,62.32000000000001,30.24
893,7.549999999999999,72.4,-0.0,63.35000000000001,-0.0,57.92000000000001,134.39,21.720000000000002,49.326666666666654,43.440000000000005
894,7.9,87.0,11.06,74.82,132.72,69.6,118.5,26.1,-0.0,52.2
895,-0.0,74.73,10.380000000000003,65.19,140.13,60.42,131.48,22.26,-0.0,46.11
896,-0.0,36.18,162.35999999999999,30.82,-0.0,28.14,-0.0,10.72,12.870000000000003,21.44
897,-0.0,51.62,37.98666666666667,44.5,30.8,42.72,-0.0,16.02,73.92,32.04
898,3.9800000000000004,61.17999999999999,-0.0,53.199999999999996,-0.0,49.209999999999994,50.413333333333334,18.619999999999997,248.75000000000003,37.239999999999995
899,-0.0,73.53000000000002,162.39999999999998,63.210000000000015,170.51999999999998,59.34000000000001,52.77999999999999,21.930000000000003,-0.0,43.86000000000001
900,-0.0,43.4,136.29000000000005,37.2,20.354999999999997,35.65,-0.0,12.4,-0.0,26.35
901,-0.0,15.120000000000001,-0.0,12.6,-0.0,11.34,70.38333333333334,3.7800000000000002,-0.0,8.82
902,3.4200000000000004,1.8,-0.0,1.8,-0.0,1.8,-0.0,0.0,-0.0,0.0
903,0.29000000000000004,2.74,-0.0,0.0,0.0,0.0,0.0,0.0,0.0,0.0
904,15.96,0.0,15.96,1.3199999999999994,0.0,0.0,0.0,0.0,0.0,5.279999999999999
905,14.16,0.0,16.52,8.319999999999999,0.0,0.0,0.0,0.0,0.0,0.0
906,10.919999999999998,0.0,12.739999999999998,67.50000000000001,1.8199999999999998,0.0,1.8199999999999998,0.0,69.16,8.000000000000002
907,11.76,0.0,13.719999999999999,69.36,11.76,0.0,1.96,7.253333333333332,145.03999999999996,47.6
908,9.66,2.5650000000000004,12.879999999999999,75.24000000000001,38.64,70.11000000000001,3.2199999999999998,0.0,125.57999999999998,51.300000000000004
909,9.299999999999999,63.720000000000006,13.95,54.87000000000002,27.9,0.0,9.299999999999999,19.470000000000002,89.89999999999996,22.419999999999998
910,9.059999999999999,0.0,10.569999999999999,57.31666666666669,16.61,0.0,10.569999999999999,0.0,10.569999999999999,0.0
911,9.72,62.9,-0.0,54.4,13.770000000000008,51.000000000000014,-0.0,18.7,176.58,37.4
912,-0.0,25.5,8.100000000000001,22.100000000000005,32.400000000000006,20.4,9.72,6.8,26.729999999999997,15.299999999999999
913,-0.0,7.12,-0.0,5.34,16.68333333333333,5.34,-0.0,1.78,-0.0,3.56
914,15.33,2.2600000000000002,-0.0,2.2600000000000002,-0.0,2.2600000000000002,-0.0,0.0,-0.0,1.1300000000000001
915,-0.0,0.0,-0.0,0.0,0.0,0.0,-0.0,0.0,-0.0,0.0
916,-0.0,2.88,0.22000000000000064,0.0,0.0,0.0,0.0,0.0,0.0,0.0
917,13.98,0.0,13.98,11.879999999999999,0.0,0.0,0.0,0.4949999999999999,2.33,0.0
918,9.7,0.0,13.58,17.595,0.0,0.0,0.0,0.0,9.7,0.0
919,9.6,38.500000000000014,13.44,0.0,17.28,0.0,9.6,0.0,13.44,0.0
920,12.11,42.40000000000001,15.57,0.0,5.1899999999999995,0.0,10.379999999999999,0.0,12.11,0.0
921,14.48,0.0,18.1,44.04166666666666,7.24,0.0,10.86,0.0,12.67,0.0
922,16.08,0.0,26.129999999999995,40.61000000000001,8.04,0.0,12.059999999999999,4.585,14.069999999999999,0.0
923,16.0,0.0,22.0,43.99999999999999,16.0,0.0,12.0,0.0,14.0,0.0
924,16.24,0.0,20.299999999999997,8.600000000000001,20.299999999999997,38.70000000000001,12.18,0.0,12.18,0.0
925,14.98,17.7,21.400000000000002,15.34,21.400000000000002,7.079999999999997,14.98,4.72,14.98,0.0
926,-0.0,4.44,13.26,3.33,-0.0,3.33,-0.0,1.11,15.469999999999997,2.22
927,-0.0,3.3400000000000003,6.6,3.3400000000000003,0.0,3.3400000000000003,-0.0,0.0,3.3000000000000003,1.6700000000000002
928,-0.0,0.0,-0.0,0.0,0.0,0.0,-0.0,0.0,-0.0,0.0
